image:FILE,category
aloevera/aloevera700.jpg,0
aloevera/aloevera701.jpg,0
aloevera/aloevera702.jpg,0
aloevera/aloevera703.jpg,0
aloevera/aloevera704.jpg,0
aloevera/aloevera705.jpg,0
aloevera/aloevera706.jpg,0
aloevera/aloevera707.jpg,0
aloevera/aloevera708.jpg,0
aloevera/aloevera709.jpg,0
aloevera/aloevera710.jpg,0
aloevera/aloevera711.jpg,0
aloevera/aloevera712.jpg,0
aloevera/aloevera713.jpg,0
aloevera/aloevera714.jpg,0
aloevera/aloevera715.jpg,0
aloevera/aloevera716.jpg,0
aloevera/aloevera717.jpg,0
aloevera/aloevera718.jpg,0
aloevera/aloevera719.jpg,0
aloevera/aloevera720.jpg,0
aloevera/aloevera721.jpg,0
aloevera/aloevera722.jpg,0
aloevera/aloevera723.jpg,0
aloevera/aloevera724.jpg,0
aloevera/aloevera725.jpg,0
aloevera/aloevera726.jpg,0
aloevera/aloevera727.jpg,0
aloevera/aloevera728.jpg,0
aloevera/aloevera729.jpg,0
aloevera/aloevera730.jpg,0
aloevera/aloevera731.jpg,0
aloevera/aloevera732.jpg,0
aloevera/aloevera733.jpg,0
aloevera/aloevera734.jpg,0
aloevera/aloevera735.jpg,0
aloevera/aloevera736.jpg,0
aloevera/aloevera737.jpg,0
aloevera/aloevera738.jpg,0
aloevera/aloevera739.jpg,0
aloevera/aloevera740.jpg,0
aloevera/aloevera741.jpg,0
aloevera/aloevera742.jpg,0
aloevera/aloevera743.jpg,0
aloevera/aloevera744.jpg,0
aloevera/aloevera745.jpg,0
aloevera/aloevera746.jpg,0
aloevera/aloevera747.jpg,0
aloevera/aloevera748.jpg,0
aloevera/aloevera749.jpg,0
aloevera/aloevera750.jpg,0
aloevera/aloevera751.jpg,0
aloevera/aloevera752.jpg,0
aloevera/aloevera753.jpg,0
aloevera/aloevera754.jpg,0
aloevera/aloevera755.jpg,0
aloevera/aloevera756.jpg,0
aloevera/aloevera757.jpg,0
aloevera/aloevera758.jpg,0
aloevera/aloevera759.jpg,0
aloevera/aloevera760.jpg,0
aloevera/aloevera761.jpg,0
aloevera/aloevera762.jpg,0
aloevera/aloevera763.jpg,0
aloevera/aloevera764.jpg,0
aloevera/aloevera765.jpg,0
aloevera/aloevera766.jpg,0
aloevera/aloevera767.jpg,0
aloevera/aloevera768.jpg,0
aloevera/aloevera769.jpg,0
aloevera/aloevera770.jpg,0
aloevera/aloevera771.jpg,0
aloevera/aloevera772.jpg,0
aloevera/aloevera773.jpg,0
aloevera/aloevera774.jpg,0
aloevera/aloevera775.jpg,0
aloevera/aloevera776.jpg,0
aloevera/aloevera777.jpg,0
aloevera/aloevera778.jpg,0
aloevera/aloevera779.jpg,0
aloevera/aloevera780.jpg,0
aloevera/aloevera781.jpg,0
aloevera/aloevera782.jpg,0
aloevera/aloevera783.jpg,0
aloevera/aloevera784.jpg,0
aloevera/aloevera785.jpg,0
aloevera/aloevera786.jpg,0
aloevera/aloevera787.jpg,0
aloevera/aloevera788.jpg,0
aloevera/aloevera789.jpg,0
aloevera/aloevera790.jpg,0
aloevera/aloevera791.jpg,0
aloevera/aloevera792.jpg,0
aloevera/aloevera793.jpg,0
aloevera/aloevera794.jpg,0
aloevera/aloevera795.jpg,0
aloevera/aloevera796.jpg,0
aloevera/aloevera797.jpg,0
aloevera/aloevera798.jpg,0
aloevera/aloevera799.jpg,0
banana/banana700.jpg,1
banana/banana701.jpg,1
banana/banana702.jpg,1
banana/banana703.jpg,1
banana/banana704.jpg,1
banana/banana705.jpg,1
banana/banana706.jpg,1
banana/banana707.jpg,1
banana/banana708.jpg,1
banana/banana709.jpg,1
banana/banana710.jpg,1
banana/banana711.jpg,1
banana/banana712.jpg,1
banana/banana713.jpg,1
banana/banana714.jpg,1
banana/banana715.jpg,1
banana/banana716.jpg,1
banana/banana717.jpg,1
banana/banana718.jpg,1
banana/banana719.jpg,1
banana/banana720.jpg,1
banana/banana721.jpg,1
banana/banana722.jpg,1
banana/banana723.jpg,1
banana/banana724.jpg,1
banana/banana725.jpg,1
banana/banana726.jpg,1
banana/banana727.jpg,1
banana/banana728.jpg,1
banana/banana729.jpg,1
banana/banana730.jpg,1
banana/banana731.jpg,1
banana/banana732.jpg,1
banana/banana733.jpg,1
banana/banana734.jpg,1
banana/banana735.jpg,1
banana/banana736.jpg,1
banana/banana737.jpg,1
banana/banana738.jpg,1
banana/banana739.jpg,1
banana/banana740.jpg,1
banana/banana741.jpg,1
banana/banana742.jpg,1
banana/banana743.jpg,1
banana/banana744.jpg,1
banana/banana745.jpg,1
banana/banana746.jpg,1
banana/banana747.jpg,1
banana/banana748.jpg,1
banana/banana749.jpg,1
banana/banana750.jpg,1
banana/banana751.jpg,1
banana/banana752.jpg,1
banana/banana753.jpg,1
banana/banana754.jpg,1
banana/banana755.jpg,1
banana/banana756.jpg,1
banana/banana757.jpg,1
banana/banana758.jpg,1
banana/banana759.jpg,1
banana/banana760.jpg,1
banana/banana761.jpg,1
banana/banana762.jpg,1
banana/banana763.jpg,1
banana/banana764.jpg,1
banana/banana765.jpg,1
banana/banana766.jpg,1
banana/banana767.jpg,1
banana/banana768.jpg,1
banana/banana769.jpg,1
banana/banana770.jpg,1
banana/banana771.jpg,1
banana/banana772.jpg,1
banana/banana773.jpg,1
banana/banana774.jpg,1
banana/banana775.jpg,1
banana/banana776.jpg,1
banana/banana777.jpg,1
banana/banana778.jpg,1
banana/banana779.jpg,1
banana/banana780.jpg,1
banana/banana781.jpg,1
banana/banana782.jpg,1
banana/banana783.jpg,1
banana/banana784.jpg,1
banana/banana785.jpg,1
banana/banana786.jpg,1
banana/banana787.jpg,1
banana/banana788.jpg,1
banana/banana789.jpg,1
banana/banana790.jpg,1
banana/banana791.jpg,1
banana/banana792.jpg,1
banana/banana793.jpg,1
banana/banana794.jpg,1
banana/banana795.jpg,1
banana/banana796.jpg,1
banana/banana797.jpg,1
banana/banana798.jpg,1
banana/banana799.jpg,1
bilimbi/bilimbi700.jpg,2
bilimbi/bilimbi701.jpg,2
bilimbi/bilimbi702.jpg,2
bilimbi/bilimbi703.jpg,2
bilimbi/bilimbi704.jpg,2
bilimbi/bilimbi705.jpg,2
bilimbi/bilimbi706.jpg,2
bilimbi/bilimbi707.jpg,2
bilimbi/bilimbi708.jpg,2
bilimbi/bilimbi709.jpg,2
bilimbi/bilimbi710.jpg,2
bilimbi/bilimbi711.jpg,2
bilimbi/bilimbi712.jpg,2
bilimbi/bilimbi713.jpg,2
bilimbi/bilimbi714.jpg,2
bilimbi/bilimbi715.jpg,2
bilimbi/bilimbi716.jpg,2
bilimbi/bilimbi717.jpg,2
bilimbi/bilimbi718.jpg,2
bilimbi/bilimbi719.jpg,2
bilimbi/bilimbi720.jpg,2
bilimbi/bilimbi721.jpg,2
bilimbi/bilimbi722.jpg,2
bilimbi/bilimbi723.jpg,2
bilimbi/bilimbi724.jpg,2
bilimbi/bilimbi725.jpg,2
bilimbi/bilimbi726.jpg,2
bilimbi/bilimbi727.jpg,2
bilimbi/bilimbi728.jpg,2
bilimbi/bilimbi729.jpg,2
bilimbi/bilimbi730.jpg,2
bilimbi/bilimbi731.jpg,2
bilimbi/bilimbi732.jpg,2
bilimbi/bilimbi733.jpg,2
bilimbi/bilimbi734.jpg,2
bilimbi/bilimbi735.jpg,2
bilimbi/bilimbi736.jpg,2
bilimbi/bilimbi737.jpg,2
bilimbi/bilimbi738.jpg,2
bilimbi/bilimbi739.jpg,2
bilimbi/bilimbi740.jpg,2
bilimbi/bilimbi741.jpg,2
bilimbi/bilimbi742.jpg,2
bilimbi/bilimbi743.jpg,2
bilimbi/bilimbi744.jpg,2
bilimbi/bilimbi745.jpg,2
bilimbi/bilimbi746.jpg,2
bilimbi/bilimbi747.jpg,2
bilimbi/bilimbi748.jpg,2
bilimbi/bilimbi749.jpg,2
bilimbi/bilimbi750.jpg,2
bilimbi/bilimbi751.jpg,2
bilimbi/bilimbi752.jpg,2
bilimbi/bilimbi753.jpg,2
bilimbi/bilimbi754.jpg,2
bilimbi/bilimbi755.jpg,2
bilimbi/bilimbi756.jpg,2
bilimbi/bilimbi757.jpg,2
bilimbi/bilimbi758.jpg,2
bilimbi/bilimbi759.jpg,2
bilimbi/bilimbi760.jpg,2
bilimbi/bilimbi761.jpg,2
bilimbi/bilimbi762.jpg,2
bilimbi/bilimbi763.jpg,2
bilimbi/bilimbi764.jpg,2
bilimbi/bilimbi765.jpg,2
bilimbi/bilimbi766.jpg,2
bilimbi/bilimbi767.jpg,2
bilimbi/bilimbi768.jpg,2
bilimbi/bilimbi769.jpg,2
bilimbi/bilimbi770.jpg,2
bilimbi/bilimbi771.jpg,2
bilimbi/bilimbi772.jpg,2
bilimbi/bilimbi773.jpg,2
bilimbi/bilimbi774.jpg,2
bilimbi/bilimbi775.jpg,2
bilimbi/bilimbi776.jpg,2
bilimbi/bilimbi777.jpg,2
bilimbi/bilimbi778.jpg,2
bilimbi/bilimbi779.jpg,2
bilimbi/bilimbi780.jpg,2
bilimbi/bilimbi781.jpg,2
bilimbi/bilimbi782.jpg,2
bilimbi/bilimbi783.jpg,2
bilimbi/bilimbi784.jpg,2
bilimbi/bilimbi785.jpg,2
bilimbi/bilimbi786.jpg,2
bilimbi/bilimbi787.jpg,2
bilimbi/bilimbi788.jpg,2
bilimbi/bilimbi789.jpg,2
bilimbi/bilimbi790.jpg,2
bilimbi/bilimbi791.jpg,2
bilimbi/bilimbi792.jpg,2
bilimbi/bilimbi793.jpg,2
bilimbi/bilimbi794.jpg,2
bilimbi/bilimbi795.jpg,2
bilimbi/bilimbi796.jpg,2
bilimbi/bilimbi797.jpg,2
bilimbi/bilimbi798.jpg,2
bilimbi/bilimbi799.jpg,2
cantaloupe/cantaloupe700.jpg,3
cantaloupe/cantaloupe701.jpg,3
cantaloupe/cantaloupe702.jpg,3
cantaloupe/cantaloupe703.jpg,3
cantaloupe/cantaloupe704.jpg,3
cantaloupe/cantaloupe705.jpg,3
cantaloupe/cantaloupe706.jpg,3
cantaloupe/cantaloupe707.jpg,3
cantaloupe/cantaloupe708.jpg,3
cantaloupe/cantaloupe709.jpg,3
cantaloupe/cantaloupe710.jpg,3
cantaloupe/cantaloupe711.jpg,3
cantaloupe/cantaloupe712.jpg,3
cantaloupe/cantaloupe713.jpg,3
cantaloupe/cantaloupe714.jpg,3
cantaloupe/cantaloupe715.jpg,3
cantaloupe/cantaloupe716.jpg,3
cantaloupe/cantaloupe717.jpg,3
cantaloupe/cantaloupe718.jpg,3
cantaloupe/cantaloupe719.jpg,3
cantaloupe/cantaloupe720.jpg,3
cantaloupe/cantaloupe721.jpg,3
cantaloupe/cantaloupe722.jpg,3
cantaloupe/cantaloupe723.jpg,3
cantaloupe/cantaloupe724.jpg,3
cantaloupe/cantaloupe725.jpg,3
cantaloupe/cantaloupe726.jpg,3
cantaloupe/cantaloupe727.jpg,3
cantaloupe/cantaloupe728.jpg,3
cantaloupe/cantaloupe729.jpg,3
cantaloupe/cantaloupe730.jpg,3
cantaloupe/cantaloupe731.jpg,3
cantaloupe/cantaloupe732.jpg,3
cantaloupe/cantaloupe733.jpg,3
cantaloupe/cantaloupe734.jpg,3
cantaloupe/cantaloupe735.jpg,3
cantaloupe/cantaloupe736.jpg,3
cantaloupe/cantaloupe737.jpg,3
cantaloupe/cantaloupe738.jpg,3
cantaloupe/cantaloupe739.jpg,3
cantaloupe/cantaloupe740.jpg,3
cantaloupe/cantaloupe741.jpg,3
cantaloupe/cantaloupe742.jpg,3
cantaloupe/cantaloupe743.jpg,3
cantaloupe/cantaloupe744.jpg,3
cantaloupe/cantaloupe745.jpg,3
cantaloupe/cantaloupe746.jpg,3
cantaloupe/cantaloupe747.jpg,3
cantaloupe/cantaloupe748.jpg,3
cantaloupe/cantaloupe749.jpg,3
cantaloupe/cantaloupe750.jpg,3
cantaloupe/cantaloupe751.jpg,3
cantaloupe/cantaloupe752.jpg,3
cantaloupe/cantaloupe753.jpg,3
cantaloupe/cantaloupe754.jpg,3
cantaloupe/cantaloupe755.jpg,3
cantaloupe/cantaloupe756.jpg,3
cantaloupe/cantaloupe757.jpg,3
cantaloupe/cantaloupe758.jpg,3
cantaloupe/cantaloupe759.jpg,3
cantaloupe/cantaloupe760.jpg,3
cantaloupe/cantaloupe761.jpg,3
cantaloupe/cantaloupe762.jpg,3
cantaloupe/cantaloupe763.jpg,3
cantaloupe/cantaloupe764.jpg,3
cantaloupe/cantaloupe765.jpg,3
cantaloupe/cantaloupe766.jpg,3
cantaloupe/cantaloupe767.jpg,3
cantaloupe/cantaloupe768.jpg,3
cantaloupe/cantaloupe769.jpg,3
cantaloupe/cantaloupe770.jpg,3
cantaloupe/cantaloupe771.jpg,3
cantaloupe/cantaloupe772.jpg,3
cantaloupe/cantaloupe773.jpg,3
cantaloupe/cantaloupe774.jpg,3
cantaloupe/cantaloupe775.jpg,3
cantaloupe/cantaloupe776.jpg,3
cantaloupe/cantaloupe777.jpg,3
cantaloupe/cantaloupe778.jpg,3
cantaloupe/cantaloupe779.jpg,3
cantaloupe/cantaloupe780.jpg,3
cantaloupe/cantaloupe781.jpg,3
cantaloupe/cantaloupe782.jpg,3
cantaloupe/cantaloupe783.jpg,3
cantaloupe/cantaloupe784.jpg,3
cantaloupe/cantaloupe785.jpg,3
cantaloupe/cantaloupe786.jpg,3
cantaloupe/cantaloupe787.jpg,3
cantaloupe/cantaloupe788.jpg,3
cantaloupe/cantaloupe789.jpg,3
cantaloupe/cantaloupe790.jpg,3
cantaloupe/cantaloupe791.jpg,3
cantaloupe/cantaloupe792.jpg,3
cantaloupe/cantaloupe793.jpg,3
cantaloupe/cantaloupe794.jpg,3
cantaloupe/cantaloupe795.jpg,3
cantaloupe/cantaloupe796.jpg,3
cantaloupe/cantaloupe797.jpg,3
cantaloupe/cantaloupe798.jpg,3
cantaloupe/cantaloupe799.jpg,3
cassava/cassava700.jpg,4
cassava/cassava701.jpg,4
cassava/cassava702.jpg,4
cassava/cassava703.jpg,4
cassava/cassava704.jpg,4
cassava/cassava705.jpg,4
cassava/cassava706.jpg,4
cassava/cassava707.jpg,4
cassava/cassava708.jpg,4
cassava/cassava709.jpg,4
cassava/cassava710.jpg,4
cassava/cassava711.jpg,4
cassava/cassava712.jpg,4
cassava/cassava713.jpg,4
cassava/cassava714.jpg,4
cassava/cassava715.jpg,4
cassava/cassava716.jpg,4
cassava/cassava717.jpg,4
cassava/cassava718.jpg,4
cassava/cassava719.jpg,4
cassava/cassava720.jpg,4
cassava/cassava721.jpg,4
cassava/cassava722.jpg,4
cassava/cassava723.jpg,4
cassava/cassava724.jpg,4
cassava/cassava725.jpg,4
cassava/cassava726.jpg,4
cassava/cassava727.jpg,4
cassava/cassava728.jpg,4
cassava/cassava729.jpg,4
cassava/cassava730.jpg,4
cassava/cassava731.jpg,4
cassava/cassava732.jpg,4
cassava/cassava733.jpg,4
cassava/cassava734.jpg,4
cassava/cassava735.jpg,4
cassava/cassava736.jpg,4
cassava/cassava737.jpg,4
cassava/cassava738.jpg,4
cassava/cassava739.jpg,4
cassava/cassava740.jpg,4
cassava/cassava741.jpg,4
cassava/cassava742.jpg,4
cassava/cassava743.jpg,4
cassava/cassava744.jpg,4
cassava/cassava745.jpg,4
cassava/cassava746.jpg,4
cassava/cassava747.jpg,4
cassava/cassava748.jpg,4
cassava/cassava749.jpg,4
cassava/cassava750.jpg,4
cassava/cassava751.jpg,4
cassava/cassava752.jpg,4
cassava/cassava753.jpg,4
cassava/cassava754.jpg,4
cassava/cassava755.jpg,4
cassava/cassava756.jpg,4
cassava/cassava757.jpg,4
cassava/cassava758.jpg,4
cassava/cassava759.jpg,4
cassava/cassava760.jpg,4
cassava/cassava761.jpg,4
cassava/cassava762.jpg,4
cassava/cassava763.jpg,4
cassava/cassava764.jpg,4
cassava/cassava765.jpg,4
cassava/cassava766.jpg,4
cassava/cassava767.jpg,4
cassava/cassava768.jpg,4
cassava/cassava769.jpg,4
cassava/cassava770.jpg,4
cassava/cassava771.jpg,4
cassava/cassava772.jpg,4
cassava/cassava773.jpg,4
cassava/cassava774.jpg,4
cassava/cassava775.jpg,4
cassava/cassava776.jpg,4
cassava/cassava777.jpg,4
cassava/cassava778.jpg,4
cassava/cassava779.jpg,4
cassava/cassava780.jpg,4
cassava/cassava781.jpg,4
cassava/cassava782.jpg,4
cassava/cassava783.jpg,4
cassava/cassava784.jpg,4
cassava/cassava785.jpg,4
cassava/cassava786.jpg,4
cassava/cassava787.jpg,4
cassava/cassava788.jpg,4
cassava/cassava789.jpg,4
cassava/cassava790.jpg,4
cassava/cassava791.jpg,4
cassava/cassava792.jpg,4
cassava/cassava793.jpg,4
cassava/cassava794.jpg,4
cassava/cassava795.jpg,4
cassava/cassava796.jpg,4
cassava/cassava797.jpg,4
cassava/cassava798.jpg,4
cassava/cassava799.jpg,4
coconut/coconut700.jpg,5
coconut/coconut701.jpg,5
coconut/coconut702.jpg,5
coconut/coconut703.jpg,5
coconut/coconut704.jpg,5
coconut/coconut705.jpg,5
coconut/coconut706.jpg,5
coconut/coconut707.jpg,5
coconut/coconut708.jpg,5
coconut/coconut709.jpg,5
coconut/coconut710.jpg,5
coconut/coconut711.jpg,5
coconut/coconut712.jpg,5
coconut/coconut713.jpg,5
coconut/coconut714.jpg,5
coconut/coconut715.jpg,5
coconut/coconut716.jpg,5
coconut/coconut717.jpg,5
coconut/coconut718.jpg,5
coconut/coconut719.jpg,5
coconut/coconut720.jpg,5
coconut/coconut721.jpg,5
coconut/coconut722.jpg,5
coconut/coconut723.jpg,5
coconut/coconut724.jpg,5
coconut/coconut725.jpg,5
coconut/coconut726.jpg,5
coconut/coconut727.jpg,5
coconut/coconut728.jpg,5
coconut/coconut729.jpg,5
coconut/coconut730.jpg,5
coconut/coconut731.jpg,5
coconut/coconut732.jpg,5
coconut/coconut733.jpg,5
coconut/coconut734.jpg,5
coconut/coconut735.jpg,5
coconut/coconut736.jpg,5
coconut/coconut737.jpg,5
coconut/coconut738.jpg,5
coconut/coconut739.jpg,5
coconut/coconut740.jpg,5
coconut/coconut741.jpg,5
coconut/coconut742.jpg,5
coconut/coconut743.jpg,5
coconut/coconut744.jpg,5
coconut/coconut745.jpg,5
coconut/coconut746.jpg,5
coconut/coconut747.jpg,5
coconut/coconut748.jpg,5
coconut/coconut749.jpg,5
coconut/coconut750.jpg,5
coconut/coconut751.jpg,5
coconut/coconut752.jpg,5
coconut/coconut753.jpg,5
coconut/coconut754.jpg,5
coconut/coconut755.jpg,5
coconut/coconut756.jpg,5
coconut/coconut757.jpg,5
coconut/coconut758.jpg,5
coconut/coconut759.jpg,5
coconut/coconut760.jpg,5
coconut/coconut761.jpg,5
coconut/coconut762.jpg,5
coconut/coconut763.jpg,5
coconut/coconut764.jpg,5
coconut/coconut765.jpg,5
coconut/coconut766.jpg,5
coconut/coconut767.jpg,5
coconut/coconut768.jpg,5
coconut/coconut769.jpg,5
coconut/coconut770.jpg,5
coconut/coconut771.jpg,5
coconut/coconut772.jpg,5
coconut/coconut773.jpg,5
coconut/coconut774.jpg,5
coconut/coconut775.jpg,5
coconut/coconut776.jpg,5
coconut/coconut777.jpg,5
coconut/coconut778.jpg,5
coconut/coconut779.jpg,5
coconut/coconut780.jpg,5
coconut/coconut781.jpg,5
coconut/coconut782.jpg,5
coconut/coconut783.jpg,5
coconut/coconut784.jpg,5
coconut/coconut785.jpg,5
coconut/coconut786.jpg,5
coconut/coconut787.jpg,5
coconut/coconut788.jpg,5
coconut/coconut789.jpg,5
coconut/coconut790.jpg,5
coconut/coconut791.jpg,5
coconut/coconut792.jpg,5
coconut/coconut793.jpg,5
coconut/coconut794.jpg,5
coconut/coconut795.jpg,5
coconut/coconut796.jpg,5
coconut/coconut797.jpg,5
coconut/coconut798.jpg,5
coconut/coconut799.jpg,5
corn/corn700.jpg,6
corn/corn701.jpg,6
corn/corn702.jpg,6
corn/corn703.jpg,6
corn/corn704.jpg,6
corn/corn705.jpg,6
corn/corn706.jpg,6
corn/corn707.jpg,6
corn/corn708.jpg,6
corn/corn709.jpg,6
corn/corn710.jpg,6
corn/corn711.jpg,6
corn/corn712.jpg,6
corn/corn713.jpg,6
corn/corn714.jpg,6
corn/corn715.jpg,6
corn/corn716.jpg,6
corn/corn717.jpg,6
corn/corn718.jpg,6
corn/corn719.jpg,6
corn/corn720.jpg,6
corn/corn721.jpg,6
corn/corn722.jpg,6
corn/corn723.jpg,6
corn/corn724.jpg,6
corn/corn725.jpg,6
corn/corn726.jpg,6
corn/corn727.jpg,6
corn/corn728.jpg,6
corn/corn729.jpg,6
corn/corn730.jpg,6
corn/corn731.jpg,6
corn/corn732.jpg,6
corn/corn733.jpg,6
corn/corn734.jpg,6
corn/corn735.jpg,6
corn/corn736.jpg,6
corn/corn737.jpg,6
corn/corn738.jpg,6
corn/corn739.jpg,6
corn/corn740.jpg,6
corn/corn741.jpg,6
corn/corn742.jpg,6
corn/corn743.jpg,6
corn/corn744.jpg,6
corn/corn745.jpg,6
corn/corn746.jpg,6
corn/corn747.jpg,6
corn/corn748.jpg,6
corn/corn749.jpg,6
corn/corn750.jpg,6
corn/corn751.jpg,6
corn/corn752.jpg,6
corn/corn753.jpg,6
corn/corn754.jpg,6
corn/corn755.jpg,6
corn/corn756.jpg,6
corn/corn757.jpg,6
corn/corn758.jpg,6
corn/corn759.jpg,6
corn/corn760.jpg,6
corn/corn761.jpg,6
corn/corn762.jpg,6
corn/corn763.jpg,6
corn/corn764.jpg,6
corn/corn765.jpg,6
corn/corn766.jpg,6
corn/corn767.jpg,6
corn/corn768.jpg,6
corn/corn769.jpg,6
corn/corn770.jpg,6
corn/corn771.jpg,6
corn/corn772.jpg,6
corn/corn773.jpg,6
corn/corn774.jpg,6
corn/corn775.jpg,6
corn/corn776.jpg,6
corn/corn777.jpg,6
corn/corn778.jpg,6
corn/corn779.jpg,6
corn/corn780.jpg,6
corn/corn781.jpg,6
corn/corn782.jpg,6
corn/corn783.jpg,6
corn/corn784.jpg,6
corn/corn785.jpg,6
corn/corn786.jpg,6
corn/corn787.jpg,6
corn/corn788.jpg,6
corn/corn789.jpg,6
corn/corn790.jpg,6
corn/corn791.jpg,6
corn/corn792.jpg,6
corn/corn793.jpg,6
corn/corn794.jpg,6
corn/corn795.jpg,6
corn/corn796.jpg,6
corn/corn797.jpg,6
corn/corn798.jpg,6
corn/corn799.jpg,6
cucumber/cucumber700.jpg,7
cucumber/cucumber701.jpg,7
cucumber/cucumber702.jpg,7
cucumber/cucumber703.jpg,7
cucumber/cucumber704.jpg,7
cucumber/cucumber705.jpg,7
cucumber/cucumber706.jpg,7
cucumber/cucumber707.jpg,7
cucumber/cucumber708.jpg,7
cucumber/cucumber709.jpg,7
cucumber/cucumber710.jpg,7
cucumber/cucumber711.jpg,7
cucumber/cucumber712.jpg,7
cucumber/cucumber713.jpg,7
cucumber/cucumber714.jpg,7
cucumber/cucumber715.jpg,7
cucumber/cucumber716.jpg,7
cucumber/cucumber717.jpg,7
cucumber/cucumber718.jpg,7
cucumber/cucumber719.jpg,7
cucumber/cucumber720.jpg,7
cucumber/cucumber721.jpg,7
cucumber/cucumber722.jpg,7
cucumber/cucumber723.jpg,7
cucumber/cucumber724.jpg,7
cucumber/cucumber725.jpg,7
cucumber/cucumber726.jpg,7
cucumber/cucumber727.jpg,7
cucumber/cucumber728.jpg,7
cucumber/cucumber729.jpg,7
cucumber/cucumber730.jpg,7
cucumber/cucumber731.jpg,7
cucumber/cucumber732.jpg,7
cucumber/cucumber733.jpg,7
cucumber/cucumber734.jpg,7
cucumber/cucumber735.jpg,7
cucumber/cucumber736.jpg,7
cucumber/cucumber737.jpg,7
cucumber/cucumber738.jpg,7
cucumber/cucumber739.jpg,7
cucumber/cucumber740.jpg,7
cucumber/cucumber741.jpg,7
cucumber/cucumber742.jpg,7
cucumber/cucumber743.jpg,7
cucumber/cucumber744.jpg,7
cucumber/cucumber745.jpg,7
cucumber/cucumber746.jpg,7
cucumber/cucumber747.jpg,7
cucumber/cucumber748.jpg,7
cucumber/cucumber749.jpg,7
cucumber/cucumber750.jpg,7
cucumber/cucumber751.jpg,7
cucumber/cucumber752.jpg,7
cucumber/cucumber753.jpg,7
cucumber/cucumber754.jpg,7
cucumber/cucumber755.jpg,7
cucumber/cucumber756.jpg,7
cucumber/cucumber757.jpg,7
cucumber/cucumber758.jpg,7
cucumber/cucumber759.jpg,7
cucumber/cucumber760.jpg,7
cucumber/cucumber761.jpg,7
cucumber/cucumber762.jpg,7
cucumber/cucumber763.jpg,7
cucumber/cucumber764.jpg,7
cucumber/cucumber765.jpg,7
cucumber/cucumber766.jpg,7
cucumber/cucumber767.jpg,7
cucumber/cucumber768.jpg,7
cucumber/cucumber769.jpg,7
cucumber/cucumber770.jpg,7
cucumber/cucumber771.jpg,7
cucumber/cucumber772.jpg,7
cucumber/cucumber773.jpg,7
cucumber/cucumber774.jpg,7
cucumber/cucumber775.jpg,7
cucumber/cucumber776.jpg,7
cucumber/cucumber777.jpg,7
cucumber/cucumber778.jpg,7
cucumber/cucumber779.jpg,7
cucumber/cucumber780.jpg,7
cucumber/cucumber781.jpg,7
cucumber/cucumber782.jpg,7
cucumber/cucumber783.jpg,7
cucumber/cucumber784.jpg,7
cucumber/cucumber785.jpg,7
cucumber/cucumber786.jpg,7
cucumber/cucumber787.jpg,7
cucumber/cucumber788.jpg,7
cucumber/cucumber789.jpg,7
cucumber/cucumber790.jpg,7
cucumber/cucumber791.jpg,7
cucumber/cucumber792.jpg,7
cucumber/cucumber793.jpg,7
cucumber/cucumber794.jpg,7
cucumber/cucumber795.jpg,7
cucumber/cucumber796.jpg,7
cucumber/cucumber797.jpg,7
cucumber/cucumber798.jpg,7
cucumber/cucumber799.jpg,7
curcuma/curcuma700.jpg,8
curcuma/curcuma701.jpg,8
curcuma/curcuma702.jpg,8
curcuma/curcuma703.jpg,8
curcuma/curcuma704.jpg,8
curcuma/curcuma705.jpg,8
curcuma/curcuma706.jpg,8
curcuma/curcuma707.jpg,8
curcuma/curcuma708.jpg,8
curcuma/curcuma709.jpg,8
curcuma/curcuma710.jpg,8
curcuma/curcuma711.jpg,8
curcuma/curcuma712.jpg,8
curcuma/curcuma713.jpg,8
curcuma/curcuma714.jpg,8
curcuma/curcuma715.jpg,8
curcuma/curcuma716.jpg,8
curcuma/curcuma717.jpg,8
curcuma/curcuma718.jpg,8
curcuma/curcuma719.jpg,8
curcuma/curcuma720.jpg,8
curcuma/curcuma721.jpg,8
curcuma/curcuma722.jpg,8
curcuma/curcuma723.jpg,8
curcuma/curcuma724.jpg,8
curcuma/curcuma725.jpg,8
curcuma/curcuma726.jpg,8
curcuma/curcuma727.jpg,8
curcuma/curcuma728.jpg,8
curcuma/curcuma729.jpg,8
curcuma/curcuma730.jpg,8
curcuma/curcuma731.jpg,8
curcuma/curcuma732.jpg,8
curcuma/curcuma733.jpg,8
curcuma/curcuma734.jpg,8
curcuma/curcuma735.jpg,8
curcuma/curcuma736.jpg,8
curcuma/curcuma737.jpg,8
curcuma/curcuma738.jpg,8
curcuma/curcuma739.jpg,8
curcuma/curcuma740.jpg,8
curcuma/curcuma741.jpg,8
curcuma/curcuma742.jpg,8
curcuma/curcuma743.jpg,8
curcuma/curcuma744.jpg,8
curcuma/curcuma745.jpg,8
curcuma/curcuma746.jpg,8
curcuma/curcuma747.jpg,8
curcuma/curcuma748.jpg,8
curcuma/curcuma749.jpg,8
curcuma/curcuma750.jpg,8
curcuma/curcuma751.jpg,8
curcuma/curcuma752.jpg,8
curcuma/curcuma753.jpg,8
curcuma/curcuma754.jpg,8
curcuma/curcuma755.jpg,8
curcuma/curcuma756.jpg,8
curcuma/curcuma757.jpg,8
curcuma/curcuma758.jpg,8
curcuma/curcuma759.jpg,8
curcuma/curcuma760.jpg,8
curcuma/curcuma761.jpg,8
curcuma/curcuma762.jpg,8
curcuma/curcuma763.jpg,8
curcuma/curcuma764.jpg,8
curcuma/curcuma765.jpg,8
curcuma/curcuma766.jpg,8
curcuma/curcuma767.jpg,8
curcuma/curcuma768.jpg,8
curcuma/curcuma769.jpg,8
curcuma/curcuma770.jpg,8
curcuma/curcuma771.jpg,8
curcuma/curcuma772.jpg,8
curcuma/curcuma773.jpg,8
curcuma/curcuma774.jpg,8
curcuma/curcuma775.jpg,8
curcuma/curcuma776.jpg,8
curcuma/curcuma777.jpg,8
curcuma/curcuma778.jpg,8
curcuma/curcuma779.jpg,8
curcuma/curcuma780.jpg,8
curcuma/curcuma781.jpg,8
curcuma/curcuma782.jpg,8
curcuma/curcuma783.jpg,8
curcuma/curcuma784.jpg,8
curcuma/curcuma785.jpg,8
curcuma/curcuma786.jpg,8
curcuma/curcuma787.jpg,8
curcuma/curcuma788.jpg,8
curcuma/curcuma789.jpg,8
curcuma/curcuma790.jpg,8
curcuma/curcuma791.jpg,8
curcuma/curcuma792.jpg,8
curcuma/curcuma793.jpg,8
curcuma/curcuma794.jpg,8
curcuma/curcuma795.jpg,8
curcuma/curcuma796.jpg,8
curcuma/curcuma797.jpg,8
curcuma/curcuma798.jpg,8
curcuma/curcuma799.jpg,8
eggplant/eggplant700.jpg,9
eggplant/eggplant701.jpg,9
eggplant/eggplant702.jpg,9
eggplant/eggplant703.jpg,9
eggplant/eggplant704.jpg,9
eggplant/eggplant705.jpg,9
eggplant/eggplant706.jpg,9
eggplant/eggplant707.jpg,9
eggplant/eggplant708.jpg,9
eggplant/eggplant709.jpg,9
eggplant/eggplant710.jpg,9
eggplant/eggplant711.jpg,9
eggplant/eggplant712.jpg,9
eggplant/eggplant713.jpg,9
eggplant/eggplant714.jpg,9
eggplant/eggplant715.jpg,9
eggplant/eggplant716.jpg,9
eggplant/eggplant717.jpg,9
eggplant/eggplant718.jpg,9
eggplant/eggplant719.jpg,9
eggplant/eggplant720.jpg,9
eggplant/eggplant721.jpg,9
eggplant/eggplant722.jpg,9
eggplant/eggplant723.jpg,9
eggplant/eggplant724.jpg,9
eggplant/eggplant725.jpg,9
eggplant/eggplant726.jpg,9
eggplant/eggplant727.jpg,9
eggplant/eggplant728.jpg,9
eggplant/eggplant729.jpg,9
eggplant/eggplant730.jpg,9
eggplant/eggplant731.jpg,9
eggplant/eggplant732.jpg,9
eggplant/eggplant733.jpg,9
eggplant/eggplant734.jpg,9
eggplant/eggplant735.jpg,9
eggplant/eggplant736.jpg,9
eggplant/eggplant737.jpg,9
eggplant/eggplant738.jpg,9
eggplant/eggplant739.jpg,9
eggplant/eggplant740.jpg,9
eggplant/eggplant741.jpg,9
eggplant/eggplant742.jpg,9
eggplant/eggplant743.jpg,9
eggplant/eggplant744.jpg,9
eggplant/eggplant745.jpg,9
eggplant/eggplant746.jpg,9
eggplant/eggplant747.jpg,9
eggplant/eggplant748.jpg,9
eggplant/eggplant749.jpg,9
eggplant/eggplant750.jpg,9
eggplant/eggplant751.jpg,9
eggplant/eggplant752.jpg,9
eggplant/eggplant753.jpg,9
eggplant/eggplant754.jpg,9
eggplant/eggplant755.jpg,9
eggplant/eggplant756.jpg,9
eggplant/eggplant757.jpg,9
eggplant/eggplant758.jpg,9
eggplant/eggplant759.jpg,9
eggplant/eggplant760.jpg,9
eggplant/eggplant761.jpg,9
eggplant/eggplant762.jpg,9
eggplant/eggplant763.jpg,9
eggplant/eggplant764.jpg,9
eggplant/eggplant765.jpg,9
eggplant/eggplant766.jpg,9
eggplant/eggplant767.jpg,9
eggplant/eggplant768.jpg,9
eggplant/eggplant769.jpg,9
eggplant/eggplant770.jpg,9
eggplant/eggplant771.jpg,9
eggplant/eggplant772.jpg,9
eggplant/eggplant773.jpg,9
eggplant/eggplant774.jpg,9
eggplant/eggplant775.jpg,9
eggplant/eggplant776.jpg,9
eggplant/eggplant777.jpg,9
eggplant/eggplant778.jpg,9
eggplant/eggplant779.jpg,9
eggplant/eggplant780.jpg,9
eggplant/eggplant781.jpg,9
eggplant/eggplant782.jpg,9
eggplant/eggplant783.jpg,9
eggplant/eggplant784.jpg,9
eggplant/eggplant785.jpg,9
eggplant/eggplant786.jpg,9
eggplant/eggplant787.jpg,9
eggplant/eggplant788.jpg,9
eggplant/eggplant789.jpg,9
eggplant/eggplant790.jpg,9
eggplant/eggplant791.jpg,9
eggplant/eggplant792.jpg,9
eggplant/eggplant793.jpg,9
eggplant/eggplant794.jpg,9
eggplant/eggplant795.jpg,9
eggplant/eggplant796.jpg,9
eggplant/eggplant797.jpg,9
eggplant/eggplant798.jpg,9
eggplant/eggplant799.jpg,9
galangal/galangal700.jpg,10
galangal/galangal701.jpg,10
galangal/galangal702.jpg,10
galangal/galangal703.jpg,10
galangal/galangal704.jpg,10
galangal/galangal705.jpg,10
galangal/galangal706.jpg,10
galangal/galangal707.jpg,10
galangal/galangal708.jpg,10
galangal/galangal709.jpg,10
galangal/galangal710.jpg,10
galangal/galangal711.jpg,10
galangal/galangal712.jpg,10
galangal/galangal713.jpg,10
galangal/galangal714.jpg,10
galangal/galangal715.jpg,10
galangal/galangal716.jpg,10
galangal/galangal717.jpg,10
galangal/galangal718.jpg,10
galangal/galangal719.jpg,10
galangal/galangal720.jpg,10
galangal/galangal721.jpg,10
galangal/galangal722.jpg,10
galangal/galangal723.jpg,10
galangal/galangal724.jpg,10
galangal/galangal725.jpg,10
galangal/galangal726.jpg,10
galangal/galangal727.jpg,10
galangal/galangal728.jpg,10
galangal/galangal729.jpg,10
galangal/galangal730.jpg,10
galangal/galangal731.jpg,10
galangal/galangal732.jpg,10
galangal/galangal733.jpg,10
galangal/galangal734.jpg,10
galangal/galangal735.jpg,10
galangal/galangal736.jpg,10
galangal/galangal737.jpg,10
galangal/galangal738.jpg,10
galangal/galangal739.jpg,10
galangal/galangal740.jpg,10
galangal/galangal741.jpg,10
galangal/galangal742.jpg,10
galangal/galangal743.jpg,10
galangal/galangal744.jpg,10
galangal/galangal745.jpg,10
galangal/galangal746.jpg,10
galangal/galangal747.jpg,10
galangal/galangal748.jpg,10
galangal/galangal749.jpg,10
galangal/galangal750.jpg,10
galangal/galangal751.jpg,10
galangal/galangal752.jpg,10
galangal/galangal753.jpg,10
galangal/galangal754.jpg,10
galangal/galangal755.jpg,10
galangal/galangal756.jpg,10
galangal/galangal757.jpg,10
galangal/galangal758.jpg,10
galangal/galangal759.jpg,10
galangal/galangal760.jpg,10
galangal/galangal761.jpg,10
galangal/galangal762.jpg,10
galangal/galangal763.jpg,10
galangal/galangal764.jpg,10
galangal/galangal765.jpg,10
galangal/galangal766.jpg,10
galangal/galangal767.jpg,10
galangal/galangal768.jpg,10
galangal/galangal769.jpg,10
galangal/galangal770.jpg,10
galangal/galangal771.jpg,10
galangal/galangal772.jpg,10
galangal/galangal773.jpg,10
galangal/galangal774.jpg,10
galangal/galangal775.jpg,10
galangal/galangal776.jpg,10
galangal/galangal777.jpg,10
galangal/galangal778.jpg,10
galangal/galangal779.jpg,10
galangal/galangal780.jpg,10
galangal/galangal781.jpg,10
galangal/galangal782.jpg,10
galangal/galangal783.jpg,10
galangal/galangal784.jpg,10
galangal/galangal785.jpg,10
galangal/galangal786.jpg,10
galangal/galangal787.jpg,10
galangal/galangal788.jpg,10
galangal/galangal789.jpg,10
galangal/galangal790.jpg,10
galangal/galangal791.jpg,10
galangal/galangal792.jpg,10
galangal/galangal793.jpg,10
galangal/galangal794.jpg,10
galangal/galangal795.jpg,10
galangal/galangal796.jpg,10
galangal/galangal797.jpg,10
galangal/galangal798.jpg,10
galangal/galangal799.jpg,10
ginger/ginger700.jpg,11
ginger/ginger701.jpg,11
ginger/ginger702.jpg,11
ginger/ginger703.jpg,11
ginger/ginger704.jpg,11
ginger/ginger705.jpg,11
ginger/ginger706.jpg,11
ginger/ginger707.jpg,11
ginger/ginger708.jpg,11
ginger/ginger709.jpg,11
ginger/ginger710.jpg,11
ginger/ginger711.jpg,11
ginger/ginger712.jpg,11
ginger/ginger713.jpg,11
ginger/ginger714.jpg,11
ginger/ginger715.jpg,11
ginger/ginger716.jpg,11
ginger/ginger717.jpg,11
ginger/ginger718.jpg,11
ginger/ginger719.jpg,11
ginger/ginger720.jpg,11
ginger/ginger721.jpg,11
ginger/ginger722.jpg,11
ginger/ginger723.jpg,11
ginger/ginger724.jpg,11
ginger/ginger725.jpg,11
ginger/ginger726.jpg,11
ginger/ginger727.jpg,11
ginger/ginger728.jpg,11
ginger/ginger729.jpg,11
ginger/ginger730.jpg,11
ginger/ginger731.jpg,11
ginger/ginger732.jpg,11
ginger/ginger733.jpg,11
ginger/ginger734.jpg,11
ginger/ginger735.jpg,11
ginger/ginger736.jpg,11
ginger/ginger737.jpg,11
ginger/ginger738.jpg,11
ginger/ginger739.jpg,11
ginger/ginger740.jpg,11
ginger/ginger741.jpg,11
ginger/ginger742.jpg,11
ginger/ginger743.jpg,11
ginger/ginger744.jpg,11
ginger/ginger745.jpg,11
ginger/ginger746.jpg,11
ginger/ginger747.jpg,11
ginger/ginger748.jpg,11
ginger/ginger749.jpg,11
ginger/ginger750.jpg,11
ginger/ginger751.jpg,11
ginger/ginger752.jpg,11
ginger/ginger753.jpg,11
ginger/ginger754.jpg,11
ginger/ginger755.jpg,11
ginger/ginger756.jpg,11
ginger/ginger757.jpg,11
ginger/ginger758.jpg,11
ginger/ginger759.jpg,11
ginger/ginger760.jpg,11
ginger/ginger761.jpg,11
ginger/ginger762.jpg,11
ginger/ginger763.jpg,11
ginger/ginger764.jpg,11
ginger/ginger765.jpg,11
ginger/ginger766.jpg,11
ginger/ginger767.jpg,11
ginger/ginger768.jpg,11
ginger/ginger769.jpg,11
ginger/ginger770.jpg,11
ginger/ginger771.jpg,11
ginger/ginger772.jpg,11
ginger/ginger773.jpg,11
ginger/ginger774.jpg,11
ginger/ginger775.jpg,11
ginger/ginger776.jpg,11
ginger/ginger777.jpg,11
ginger/ginger778.jpg,11
ginger/ginger779.jpg,11
ginger/ginger780.jpg,11
ginger/ginger781.jpg,11
ginger/ginger782.jpg,11
ginger/ginger783.jpg,11
ginger/ginger784.jpg,11
ginger/ginger785.jpg,11
ginger/ginger786.jpg,11
ginger/ginger787.jpg,11
ginger/ginger788.jpg,11
ginger/ginger789.jpg,11
ginger/ginger790.jpg,11
ginger/ginger791.jpg,11
ginger/ginger792.jpg,11
ginger/ginger793.jpg,11
ginger/ginger794.jpg,11
ginger/ginger795.jpg,11
ginger/ginger796.jpg,11
ginger/ginger797.jpg,11
ginger/ginger798.jpg,11
ginger/ginger799.jpg,11
guava/guava700.jpg,12
guava/guava701.jpg,12
guava/guava702.jpg,12
guava/guava703.jpg,12
guava/guava704.jpg,12
guava/guava705.jpg,12
guava/guava706.jpg,12
guava/guava707.jpg,12
guava/guava708.jpg,12
guava/guava709.jpg,12
guava/guava710.jpg,12
guava/guava711.jpg,12
guava/guava712.jpg,12
guava/guava713.jpg,12
guava/guava714.jpg,12
guava/guava715.jpg,12
guava/guava716.jpg,12
guava/guava717.jpg,12
guava/guava718.jpg,12
guava/guava719.jpg,12
guava/guava720.jpg,12
guava/guava721.jpg,12
guava/guava722.jpg,12
guava/guava723.jpg,12
guava/guava724.jpg,12
guava/guava725.jpg,12
guava/guava726.jpg,12
guava/guava727.jpg,12
guava/guava728.jpg,12
guava/guava729.jpg,12
guava/guava730.jpg,12
guava/guava731.jpg,12
guava/guava732.jpg,12
guava/guava733.jpg,12
guava/guava734.jpg,12
guava/guava735.jpg,12
guava/guava736.jpg,12
guava/guava737.jpg,12
guava/guava738.jpg,12
guava/guava739.jpg,12
guava/guava740.jpg,12
guava/guava741.jpg,12
guava/guava742.jpg,12
guava/guava743.jpg,12
guava/guava744.jpg,12
guava/guava745.jpg,12
guava/guava746.jpg,12
guava/guava747.jpg,12
guava/guava748.jpg,12
guava/guava749.jpg,12
guava/guava750.jpg,12
guava/guava751.jpg,12
guava/guava752.jpg,12
guava/guava753.jpg,12
guava/guava754.jpg,12
guava/guava755.jpg,12
guava/guava756.jpg,12
guava/guava757.jpg,12
guava/guava758.jpg,12
guava/guava759.jpg,12
guava/guava760.jpg,12
guava/guava761.jpg,12
guava/guava762.jpg,12
guava/guava763.jpg,12
guava/guava764.jpg,12
guava/guava765.jpg,12
guava/guava766.jpg,12
guava/guava767.jpg,12
guava/guava768.jpg,12
guava/guava769.jpg,12
guava/guava770.jpg,12
guava/guava771.jpg,12
guava/guava772.jpg,12
guava/guava773.jpg,12
guava/guava774.jpg,12
guava/guava775.jpg,12
guava/guava776.jpg,12
guava/guava777.jpg,12
guava/guava778.jpg,12
guava/guava779.jpg,12
guava/guava780.jpg,12
guava/guava781.jpg,12
guava/guava782.jpg,12
guava/guava783.jpg,12
guava/guava784.jpg,12
guava/guava785.jpg,12
guava/guava786.jpg,12
guava/guava787.jpg,12
guava/guava788.jpg,12
guava/guava789.jpg,12
guava/guava790.jpg,12
guava/guava791.jpg,12
guava/guava792.jpg,12
guava/guava793.jpg,12
guava/guava794.jpg,12
guava/guava795.jpg,12
guava/guava796.jpg,12
guava/guava797.jpg,12
guava/guava798.jpg,12
guava/guava799.jpg,12
kale/kale700.jpg,13
kale/kale701.jpg,13
kale/kale702.jpg,13
kale/kale703.jpg,13
kale/kale704.jpg,13
kale/kale705.jpg,13
kale/kale706.jpg,13
kale/kale707.jpg,13
kale/kale708.jpg,13
kale/kale709.jpg,13
kale/kale710.jpg,13
kale/kale711.jpg,13
kale/kale712.jpg,13
kale/kale713.jpg,13
kale/kale714.jpg,13
kale/kale715.jpg,13
kale/kale716.jpg,13
kale/kale717.jpg,13
kale/kale718.jpg,13
kale/kale719.jpg,13
kale/kale720.jpg,13
kale/kale721.jpg,13
kale/kale722.jpg,13
kale/kale723.jpg,13
kale/kale724.jpg,13
kale/kale725.jpg,13
kale/kale726.jpg,13
kale/kale727.jpg,13
kale/kale728.jpg,13
kale/kale729.jpg,13
kale/kale730.jpg,13
kale/kale731.jpg,13
kale/kale732.jpg,13
kale/kale733.jpg,13
kale/kale734.jpg,13
kale/kale735.jpg,13
kale/kale736.jpg,13
kale/kale737.jpg,13
kale/kale738.jpg,13
kale/kale739.jpg,13
kale/kale740.jpg,13
kale/kale741.jpg,13
kale/kale742.jpg,13
kale/kale743.jpg,13
kale/kale744.jpg,13
kale/kale745.jpg,13
kale/kale746.jpg,13
kale/kale747.jpg,13
kale/kale748.jpg,13
kale/kale749.jpg,13
kale/kale750.jpg,13
kale/kale751.jpg,13
kale/kale752.jpg,13
kale/kale753.jpg,13
kale/kale754.jpg,13
kale/kale755.jpg,13
kale/kale756.jpg,13
kale/kale757.jpg,13
kale/kale758.jpg,13
kale/kale759.jpg,13
kale/kale760.jpg,13
kale/kale761.jpg,13
kale/kale762.jpg,13
kale/kale763.jpg,13
kale/kale764.jpg,13
kale/kale765.jpg,13
kale/kale766.jpg,13
kale/kale767.jpg,13
kale/kale768.jpg,13
kale/kale769.jpg,13
kale/kale770.jpg,13
kale/kale771.jpg,13
kale/kale772.jpg,13
kale/kale773.jpg,13
kale/kale774.jpg,13
kale/kale775.jpg,13
kale/kale776.jpg,13
kale/kale777.jpg,13
kale/kale778.jpg,13
kale/kale779.jpg,13
kale/kale780.jpg,13
kale/kale781.jpg,13
kale/kale782.jpg,13
kale/kale783.jpg,13
kale/kale784.jpg,13
kale/kale785.jpg,13
kale/kale786.jpg,13
kale/kale787.jpg,13
kale/kale788.jpg,13
kale/kale789.jpg,13
kale/kale790.jpg,13
kale/kale791.jpg,13
kale/kale792.jpg,13
kale/kale793.jpg,13
kale/kale794.jpg,13
kale/kale795.jpg,13
kale/kale796.jpg,13
kale/kale797.jpg,13
kale/kale798.jpg,13
kale/kale799.jpg,13
longbeans/longbeans700.jpg,14
longbeans/longbeans701.jpg,14
longbeans/longbeans702.jpg,14
longbeans/longbeans703.jpg,14
longbeans/longbeans704.jpg,14
longbeans/longbeans705.jpg,14
longbeans/longbeans706.jpg,14
longbeans/longbeans707.jpg,14
longbeans/longbeans708.jpg,14
longbeans/longbeans709.jpg,14
longbeans/longbeans710.jpg,14
longbeans/longbeans711.jpg,14
longbeans/longbeans712.jpg,14
longbeans/longbeans713.jpg,14
longbeans/longbeans714.jpg,14
longbeans/longbeans715.jpg,14
longbeans/longbeans716.jpg,14
longbeans/longbeans717.jpg,14
longbeans/longbeans718.jpg,14
longbeans/longbeans719.jpg,14
longbeans/longbeans720.jpg,14
longbeans/longbeans721.jpg,14
longbeans/longbeans722.jpg,14
longbeans/longbeans723.jpg,14
longbeans/longbeans724.jpg,14
longbeans/longbeans725.jpg,14
longbeans/longbeans726.jpg,14
longbeans/longbeans727.jpg,14
longbeans/longbeans728.jpg,14
longbeans/longbeans729.jpg,14
longbeans/longbeans730.jpg,14
longbeans/longbeans731.jpg,14
longbeans/longbeans732.jpg,14
longbeans/longbeans733.jpg,14
longbeans/longbeans734.jpg,14
longbeans/longbeans735.jpg,14
longbeans/longbeans736.jpg,14
longbeans/longbeans737.jpg,14
longbeans/longbeans738.jpg,14
longbeans/longbeans739.jpg,14
longbeans/longbeans740.jpg,14
longbeans/longbeans741.jpg,14
longbeans/longbeans742.jpg,14
longbeans/longbeans743.jpg,14
longbeans/longbeans744.jpg,14
longbeans/longbeans745.jpg,14
longbeans/longbeans746.jpg,14
longbeans/longbeans747.jpg,14
longbeans/longbeans748.jpg,14
longbeans/longbeans749.jpg,14
longbeans/longbeans750.jpg,14
longbeans/longbeans751.jpg,14
longbeans/longbeans752.jpg,14
longbeans/longbeans753.jpg,14
longbeans/longbeans754.jpg,14
longbeans/longbeans755.jpg,14
longbeans/longbeans756.jpg,14
longbeans/longbeans757.jpg,14
longbeans/longbeans758.jpg,14
longbeans/longbeans759.jpg,14
longbeans/longbeans760.jpg,14
longbeans/longbeans761.jpg,14
longbeans/longbeans762.jpg,14
longbeans/longbeans763.jpg,14
longbeans/longbeans764.jpg,14
longbeans/longbeans765.jpg,14
longbeans/longbeans766.jpg,14
longbeans/longbeans767.jpg,14
longbeans/longbeans768.jpg,14
longbeans/longbeans769.jpg,14
longbeans/longbeans770.jpg,14
longbeans/longbeans771.jpg,14
longbeans/longbeans772.jpg,14
longbeans/longbeans773.jpg,14
longbeans/longbeans774.jpg,14
longbeans/longbeans775.jpg,14
longbeans/longbeans776.jpg,14
longbeans/longbeans777.jpg,14
longbeans/longbeans778.jpg,14
longbeans/longbeans779.jpg,14
longbeans/longbeans780.jpg,14
longbeans/longbeans781.jpg,14
longbeans/longbeans782.jpg,14
longbeans/longbeans783.jpg,14
longbeans/longbeans784.jpg,14
longbeans/longbeans785.jpg,14
longbeans/longbeans786.jpg,14
longbeans/longbeans787.jpg,14
longbeans/longbeans788.jpg,14
longbeans/longbeans789.jpg,14
longbeans/longbeans790.jpg,14
longbeans/longbeans791.jpg,14
longbeans/longbeans792.jpg,14
longbeans/longbeans793.jpg,14
longbeans/longbeans794.jpg,14
longbeans/longbeans795.jpg,14
longbeans/longbeans796.jpg,14
longbeans/longbeans797.jpg,14
longbeans/longbeans798.jpg,14
longbeans/longbeans799.jpg,14
mango/mango700.jpg,15
mango/mango701.jpg,15
mango/mango702.jpg,15
mango/mango703.jpg,15
mango/mango704.jpg,15
mango/mango705.jpg,15
mango/mango706.jpg,15
mango/mango707.jpg,15
mango/mango708.jpg,15
mango/mango709.jpg,15
mango/mango710.jpg,15
mango/mango711.jpg,15
mango/mango712.jpg,15
mango/mango713.jpg,15
mango/mango714.jpg,15
mango/mango715.jpg,15
mango/mango716.jpg,15
mango/mango717.jpg,15
mango/mango718.jpg,15
mango/mango719.jpg,15
mango/mango720.jpg,15
mango/mango721.jpg,15
mango/mango722.jpg,15
mango/mango723.jpg,15
mango/mango724.jpg,15
mango/mango725.jpg,15
mango/mango726.jpg,15
mango/mango727.jpg,15
mango/mango728.jpg,15
mango/mango729.jpg,15
mango/mango730.jpg,15
mango/mango731.jpg,15
mango/mango732.jpg,15
mango/mango733.jpg,15
mango/mango734.jpg,15
mango/mango735.jpg,15
mango/mango736.jpg,15
mango/mango737.jpg,15
mango/mango738.jpg,15
mango/mango739.jpg,15
mango/mango740.jpg,15
mango/mango741.jpg,15
mango/mango742.jpg,15
mango/mango743.jpg,15
mango/mango744.jpg,15
mango/mango745.jpg,15
mango/mango746.jpg,15
mango/mango747.jpg,15
mango/mango748.jpg,15
mango/mango749.jpg,15
mango/mango750.jpg,15
mango/mango751.jpg,15
mango/mango752.jpg,15
mango/mango753.jpg,15
mango/mango754.jpg,15
mango/mango755.jpg,15
mango/mango756.jpg,15
mango/mango757.jpg,15
mango/mango758.jpg,15
mango/mango759.jpg,15
mango/mango760.jpg,15
mango/mango761.jpg,15
mango/mango762.jpg,15
mango/mango763.jpg,15
mango/mango764.jpg,15
mango/mango765.jpg,15
mango/mango766.jpg,15
mango/mango767.jpg,15
mango/mango768.jpg,15
mango/mango769.jpg,15
mango/mango770.jpg,15
mango/mango771.jpg,15
mango/mango772.jpg,15
mango/mango773.jpg,15
mango/mango774.jpg,15
mango/mango775.jpg,15
mango/mango776.jpg,15
mango/mango777.jpg,15
mango/mango778.jpg,15
mango/mango779.jpg,15
mango/mango780.jpg,15
mango/mango781.jpg,15
mango/mango782.jpg,15
mango/mango783.jpg,15
mango/mango784.jpg,15
mango/mango785.jpg,15
mango/mango786.jpg,15
mango/mango787.jpg,15
mango/mango788.jpg,15
mango/mango789.jpg,15
mango/mango790.jpg,15
mango/mango791.jpg,15
mango/mango792.jpg,15
mango/mango793.jpg,15
mango/mango794.jpg,15
mango/mango795.jpg,15
mango/mango796.jpg,15
mango/mango797.jpg,15
mango/mango798.jpg,15
mango/mango799.jpg,15
melon/melon700.jpg,16
melon/melon701.jpg,16
melon/melon702.jpg,16
melon/melon703.jpg,16
melon/melon704.jpg,16
melon/melon705.jpg,16
melon/melon706.jpg,16
melon/melon707.jpg,16
melon/melon708.jpg,16
melon/melon709.jpg,16
melon/melon710.jpg,16
melon/melon711.jpg,16
melon/melon712.jpg,16
melon/melon713.jpg,16
melon/melon714.jpg,16
melon/melon715.jpg,16
melon/melon716.jpg,16
melon/melon717.jpg,16
melon/melon718.jpg,16
melon/melon719.jpg,16
melon/melon720.jpg,16
melon/melon721.jpg,16
melon/melon722.jpg,16
melon/melon723.jpg,16
melon/melon724.jpg,16
melon/melon725.jpg,16
melon/melon726.jpg,16
melon/melon727.jpg,16
melon/melon728.jpg,16
melon/melon729.jpg,16
melon/melon730.jpg,16
melon/melon731.jpg,16
melon/melon732.jpg,16
melon/melon733.jpg,16
melon/melon734.jpg,16
melon/melon735.jpg,16
melon/melon736.jpg,16
melon/melon737.jpg,16
melon/melon738.jpg,16
melon/melon739.jpg,16
melon/melon740.jpg,16
melon/melon741.jpg,16
melon/melon742.jpg,16
melon/melon743.jpg,16
melon/melon744.jpg,16
melon/melon745.jpg,16
melon/melon746.jpg,16
melon/melon747.jpg,16
melon/melon748.jpg,16
melon/melon749.jpg,16
melon/melon750.jpg,16
melon/melon751.jpg,16
melon/melon752.jpg,16
melon/melon753.jpg,16
melon/melon754.jpg,16
melon/melon755.jpg,16
melon/melon756.jpg,16
melon/melon757.jpg,16
melon/melon758.jpg,16
melon/melon759.jpg,16
melon/melon760.jpg,16
melon/melon761.jpg,16
melon/melon762.jpg,16
melon/melon763.jpg,16
melon/melon764.jpg,16
melon/melon765.jpg,16
melon/melon766.jpg,16
melon/melon767.jpg,16
melon/melon768.jpg,16
melon/melon769.jpg,16
melon/melon770.jpg,16
melon/melon771.jpg,16
melon/melon772.jpg,16
melon/melon773.jpg,16
melon/melon774.jpg,16
melon/melon775.jpg,16
melon/melon776.jpg,16
melon/melon777.jpg,16
melon/melon778.jpg,16
melon/melon779.jpg,16
melon/melon780.jpg,16
melon/melon781.jpg,16
melon/melon782.jpg,16
melon/melon783.jpg,16
melon/melon784.jpg,16
melon/melon785.jpg,16
melon/melon786.jpg,16
melon/melon787.jpg,16
melon/melon788.jpg,16
melon/melon789.jpg,16
melon/melon790.jpg,16
melon/melon791.jpg,16
melon/melon792.jpg,16
melon/melon793.jpg,16
melon/melon794.jpg,16
melon/melon795.jpg,16
melon/melon796.jpg,16
melon/melon797.jpg,16
melon/melon798.jpg,16
melon/melon799.jpg,16
orange/orange700.jpg,17
orange/orange701.jpg,17
orange/orange702.jpg,17
orange/orange703.jpg,17
orange/orange704.jpg,17
orange/orange705.jpg,17
orange/orange706.jpg,17
orange/orange707.jpg,17
orange/orange708.jpg,17
orange/orange709.jpg,17
orange/orange710.jpg,17
orange/orange711.jpg,17
orange/orange712.jpg,17
orange/orange713.jpg,17
orange/orange714.jpg,17
orange/orange715.jpg,17
orange/orange716.jpg,17
orange/orange717.jpg,17
orange/orange718.jpg,17
orange/orange719.jpg,17
orange/orange720.jpg,17
orange/orange721.jpg,17
orange/orange722.jpg,17
orange/orange723.jpg,17
orange/orange724.jpg,17
orange/orange725.jpg,17
orange/orange726.jpg,17
orange/orange727.jpg,17
orange/orange728.jpg,17
orange/orange729.jpg,17
orange/orange730.jpg,17
orange/orange731.jpg,17
orange/orange732.jpg,17
orange/orange733.jpg,17
orange/orange734.jpg,17
orange/orange735.jpg,17
orange/orange736.jpg,17
orange/orange737.jpg,17
orange/orange738.jpg,17
orange/orange739.jpg,17
orange/orange740.jpg,17
orange/orange741.jpg,17
orange/orange742.jpg,17
orange/orange743.jpg,17
orange/orange744.jpg,17
orange/orange745.jpg,17
orange/orange746.jpg,17
orange/orange747.jpg,17
orange/orange748.jpg,17
orange/orange749.jpg,17
orange/orange750.jpg,17
orange/orange751.jpg,17
orange/orange752.jpg,17
orange/orange753.jpg,17
orange/orange754.jpg,17
orange/orange755.jpg,17
orange/orange756.jpg,17
orange/orange757.jpg,17
orange/orange758.jpg,17
orange/orange759.jpg,17
orange/orange760.jpg,17
orange/orange761.jpg,17
orange/orange762.jpg,17
orange/orange763.jpg,17
orange/orange764.jpg,17
orange/orange765.jpg,17
orange/orange766.jpg,17
orange/orange767.jpg,17
orange/orange768.jpg,17
orange/orange769.jpg,17
orange/orange770.jpg,17
orange/orange771.jpg,17
orange/orange772.jpg,17
orange/orange773.jpg,17
orange/orange774.jpg,17
orange/orange775.jpg,17
orange/orange776.jpg,17
orange/orange777.jpg,17
orange/orange778.jpg,17
orange/orange779.jpg,17
orange/orange780.jpg,17
orange/orange781.jpg,17
orange/orange782.jpg,17
orange/orange783.jpg,17
orange/orange784.jpg,17
orange/orange785.jpg,17
orange/orange786.jpg,17
orange/orange787.jpg,17
orange/orange788.jpg,17
orange/orange789.jpg,17
orange/orange790.jpg,17
orange/orange791.jpg,17
orange/orange792.jpg,17
orange/orange793.jpg,17
orange/orange794.jpg,17
orange/orange795.jpg,17
orange/orange796.jpg,17
orange/orange797.jpg,17
orange/orange798.jpg,17
orange/orange799.jpg,17
paddy/paddy700.jpg,18
paddy/paddy701.jpg,18
paddy/paddy702.jpg,18
paddy/paddy703.jpg,18
paddy/paddy704.jpg,18
paddy/paddy705.jpg,18
paddy/paddy706.jpg,18
paddy/paddy707.jpg,18
paddy/paddy708.jpg,18
paddy/paddy709.jpg,18
paddy/paddy710.jpg,18
paddy/paddy711.jpg,18
paddy/paddy712.jpg,18
paddy/paddy713.jpg,18
paddy/paddy714.jpg,18
paddy/paddy715.jpg,18
paddy/paddy716.jpg,18
paddy/paddy717.jpg,18
paddy/paddy718.jpg,18
paddy/paddy719.jpg,18
paddy/paddy720.jpg,18
paddy/paddy721.jpg,18
paddy/paddy722.jpg,18
paddy/paddy723.jpg,18
paddy/paddy724.jpg,18
paddy/paddy725.jpg,18
paddy/paddy726.jpg,18
paddy/paddy727.jpg,18
paddy/paddy728.jpg,18
paddy/paddy729.jpg,18
paddy/paddy730.jpg,18
paddy/paddy731.jpg,18
paddy/paddy732.jpg,18
paddy/paddy733.jpg,18
paddy/paddy734.jpg,18
paddy/paddy735.jpg,18
paddy/paddy736.jpg,18
paddy/paddy737.jpg,18
paddy/paddy738.jpg,18
paddy/paddy739.jpg,18
paddy/paddy740.jpg,18
paddy/paddy741.jpg,18
paddy/paddy742.jpg,18
paddy/paddy743.jpg,18
paddy/paddy744.jpg,18
paddy/paddy745.jpg,18
paddy/paddy746.jpg,18
paddy/paddy747.jpg,18
paddy/paddy748.jpg,18
paddy/paddy749.jpg,18
paddy/paddy750.jpg,18
paddy/paddy751.jpg,18
paddy/paddy752.jpg,18
paddy/paddy753.jpg,18
paddy/paddy754.jpg,18
paddy/paddy755.jpg,18
paddy/paddy756.jpg,18
paddy/paddy757.jpg,18
paddy/paddy758.jpg,18
paddy/paddy759.jpg,18
paddy/paddy760.jpg,18
paddy/paddy761.jpg,18
paddy/paddy762.jpg,18
paddy/paddy763.jpg,18
paddy/paddy764.jpg,18
paddy/paddy765.jpg,18
paddy/paddy766.jpg,18
paddy/paddy767.jpg,18
paddy/paddy768.jpg,18
paddy/paddy769.jpg,18
paddy/paddy770.jpg,18
paddy/paddy771.jpg,18
paddy/paddy772.jpg,18
paddy/paddy773.jpg,18
paddy/paddy774.jpg,18
paddy/paddy775.jpg,18
paddy/paddy776.jpg,18
paddy/paddy777.jpg,18
paddy/paddy778.jpg,18
paddy/paddy779.jpg,18
paddy/paddy780.jpg,18
paddy/paddy781.jpg,18
paddy/paddy782.jpg,18
paddy/paddy783.jpg,18
paddy/paddy784.jpg,18
paddy/paddy785.jpg,18
paddy/paddy786.jpg,18
paddy/paddy787.jpg,18
paddy/paddy788.jpg,18
paddy/paddy789.jpg,18
paddy/paddy790.jpg,18
paddy/paddy791.jpg,18
paddy/paddy792.jpg,18
paddy/paddy793.jpg,18
paddy/paddy794.jpg,18
paddy/paddy795.jpg,18
paddy/paddy796.jpg,18
paddy/paddy797.jpg,18
paddy/paddy798.jpg,18
paddy/paddy799.jpg,18
papaya/papaya700.jpg,19
papaya/papaya701.jpg,19
papaya/papaya702.jpg,19
papaya/papaya703.jpg,19
papaya/papaya704.jpg,19
papaya/papaya705.jpg,19
papaya/papaya706.jpg,19
papaya/papaya707.jpg,19
papaya/papaya708.jpg,19
papaya/papaya709.jpg,19
papaya/papaya710.jpg,19
papaya/papaya711.jpg,19
papaya/papaya712.jpg,19
papaya/papaya713.jpg,19
papaya/papaya714.jpg,19
papaya/papaya715.jpg,19
papaya/papaya716.jpg,19
papaya/papaya717.jpg,19
papaya/papaya718.jpg,19
papaya/papaya719.jpg,19
papaya/papaya720.jpg,19
papaya/papaya721.jpg,19
papaya/papaya722.jpg,19
papaya/papaya723.jpg,19
papaya/papaya724.jpg,19
papaya/papaya725.jpg,19
papaya/papaya726.jpg,19
papaya/papaya727.jpg,19
papaya/papaya728.jpg,19
papaya/papaya729.jpg,19
papaya/papaya730.jpg,19
papaya/papaya731.jpg,19
papaya/papaya732.jpg,19
papaya/papaya733.jpg,19
papaya/papaya734.jpg,19
papaya/papaya735.jpg,19
papaya/papaya736.jpg,19
papaya/papaya737.jpg,19
papaya/papaya738.jpg,19
papaya/papaya739.jpg,19
papaya/papaya740.jpg,19
papaya/papaya741.jpg,19
papaya/papaya742.jpg,19
papaya/papaya743.jpg,19
papaya/papaya744.jpg,19
papaya/papaya745.jpg,19
papaya/papaya746.jpg,19
papaya/papaya747.jpg,19
papaya/papaya748.jpg,19
papaya/papaya749.jpg,19
papaya/papaya750.jpg,19
papaya/papaya751.jpg,19
papaya/papaya752.jpg,19
papaya/papaya753.jpg,19
papaya/papaya754.jpg,19
papaya/papaya755.jpg,19
papaya/papaya756.jpg,19
papaya/papaya757.jpg,19
papaya/papaya758.jpg,19
papaya/papaya759.jpg,19
papaya/papaya760.jpg,19
papaya/papaya761.jpg,19
papaya/papaya762.jpg,19
papaya/papaya763.jpg,19
papaya/papaya764.jpg,19
papaya/papaya765.jpg,19
papaya/papaya766.jpg,19
papaya/papaya767.jpg,19
papaya/papaya768.jpg,19
papaya/papaya769.jpg,19
papaya/papaya770.jpg,19
papaya/papaya771.jpg,19
papaya/papaya772.jpg,19
papaya/papaya773.jpg,19
papaya/papaya774.jpg,19
papaya/papaya775.jpg,19
papaya/papaya776.jpg,19
papaya/papaya777.jpg,19
papaya/papaya778.jpg,19
papaya/papaya779.jpg,19
papaya/papaya780.jpg,19
papaya/papaya781.jpg,19
papaya/papaya782.jpg,19
papaya/papaya783.jpg,19
papaya/papaya784.jpg,19
papaya/papaya785.jpg,19
papaya/papaya786.jpg,19
papaya/papaya787.jpg,19
papaya/papaya788.jpg,19
papaya/papaya789.jpg,19
papaya/papaya790.jpg,19
papaya/papaya791.jpg,19
papaya/papaya792.jpg,19
papaya/papaya793.jpg,19
papaya/papaya794.jpg,19
papaya/papaya795.jpg,19
papaya/papaya796.jpg,19
papaya/papaya797.jpg,19
papaya/papaya798.jpg,19
papaya/papaya799.jpg,19
peperchili/peperchili700.jpg,20
peperchili/peperchili701.jpg,20
peperchili/peperchili702.jpg,20
peperchili/peperchili703.jpg,20
peperchili/peperchili704.jpg,20
peperchili/peperchili705.jpg,20
peperchili/peperchili706.jpg,20
peperchili/peperchili707.jpg,20
peperchili/peperchili708.jpg,20
peperchili/peperchili709.jpg,20
peperchili/peperchili710.jpg,20
peperchili/peperchili711.jpg,20
peperchili/peperchili712.jpg,20
peperchili/peperchili713.jpg,20
peperchili/peperchili714.jpg,20
peperchili/peperchili715.jpg,20
peperchili/peperchili716.jpg,20
peperchili/peperchili717.jpg,20
peperchili/peperchili718.jpg,20
peperchili/peperchili719.jpg,20
peperchili/peperchili720.jpg,20
peperchili/peperchili721.jpg,20
peperchili/peperchili722.jpg,20
peperchili/peperchili723.jpg,20
peperchili/peperchili724.jpg,20
peperchili/peperchili725.jpg,20
peperchili/peperchili726.jpg,20
peperchili/peperchili727.jpg,20
peperchili/peperchili728.jpg,20
peperchili/peperchili729.jpg,20
peperchili/peperchili730.jpg,20
peperchili/peperchili731.jpg,20
peperchili/peperchili732.jpg,20
peperchili/peperchili733.jpg,20
peperchili/peperchili734.jpg,20
peperchili/peperchili735.jpg,20
peperchili/peperchili736.jpg,20
peperchili/peperchili737.jpg,20
peperchili/peperchili738.jpg,20
peperchili/peperchili739.jpg,20
peperchili/peperchili740.jpg,20
peperchili/peperchili741.jpg,20
peperchili/peperchili742.jpg,20
peperchili/peperchili743.jpg,20
peperchili/peperchili744.jpg,20
peperchili/peperchili745.jpg,20
peperchili/peperchili746.jpg,20
peperchili/peperchili747.jpg,20
peperchili/peperchili748.jpg,20
peperchili/peperchili749.jpg,20
peperchili/peperchili750.jpg,20
peperchili/peperchili751.jpg,20
peperchili/peperchili752.jpg,20
peperchili/peperchili753.jpg,20
peperchili/peperchili754.jpg,20
peperchili/peperchili755.jpg,20
peperchili/peperchili756.jpg,20
peperchili/peperchili757.jpg,20
peperchili/peperchili758.jpg,20
peperchili/peperchili759.jpg,20
peperchili/peperchili760.jpg,20
peperchili/peperchili761.jpg,20
peperchili/peperchili762.jpg,20
peperchili/peperchili763.jpg,20
peperchili/peperchili764.jpg,20
peperchili/peperchili765.jpg,20
peperchili/peperchili766.jpg,20
peperchili/peperchili767.jpg,20
peperchili/peperchili768.jpg,20
peperchili/peperchili769.jpg,20
peperchili/peperchili770.jpg,20
peperchili/peperchili771.jpg,20
peperchili/peperchili772.jpg,20
peperchili/peperchili773.jpg,20
peperchili/peperchili774.jpg,20
peperchili/peperchili775.jpg,20
peperchili/peperchili776.jpg,20
peperchili/peperchili777.jpg,20
peperchili/peperchili778.jpg,20
peperchili/peperchili779.jpg,20
peperchili/peperchili780.jpg,20
peperchili/peperchili781.jpg,20
peperchili/peperchili782.jpg,20
peperchili/peperchili783.jpg,20
peperchili/peperchili784.jpg,20
peperchili/peperchili785.jpg,20
peperchili/peperchili786.jpg,20
peperchili/peperchili787.jpg,20
peperchili/peperchili788.jpg,20
peperchili/peperchili789.jpg,20
peperchili/peperchili790.jpg,20
peperchili/peperchili791.jpg,20
peperchili/peperchili792.jpg,20
peperchili/peperchili793.jpg,20
peperchili/peperchili794.jpg,20
peperchili/peperchili795.jpg,20
peperchili/peperchili796.jpg,20
peperchili/peperchili797.jpg,20
peperchili/peperchili798.jpg,20
peperchili/peperchili799.jpg,20
pineapple/pineapple700.jpg,21
pineapple/pineapple701.jpg,21
pineapple/pineapple702.jpg,21
pineapple/pineapple703.jpg,21
pineapple/pineapple704.jpg,21
pineapple/pineapple705.jpg,21
pineapple/pineapple706.jpg,21
pineapple/pineapple707.jpg,21
pineapple/pineapple708.jpg,21
pineapple/pineapple709.jpg,21
pineapple/pineapple710.jpg,21
pineapple/pineapple711.jpg,21
pineapple/pineapple712.jpg,21
pineapple/pineapple713.jpg,21
pineapple/pineapple714.jpg,21
pineapple/pineapple715.jpg,21
pineapple/pineapple716.jpg,21
pineapple/pineapple717.jpg,21
pineapple/pineapple718.jpg,21
pineapple/pineapple719.jpg,21
pineapple/pineapple720.jpg,21
pineapple/pineapple721.jpg,21
pineapple/pineapple722.jpg,21
pineapple/pineapple723.jpg,21
pineapple/pineapple724.jpg,21
pineapple/pineapple725.jpg,21
pineapple/pineapple726.jpg,21
pineapple/pineapple727.jpg,21
pineapple/pineapple728.jpg,21
pineapple/pineapple729.jpg,21
pineapple/pineapple730.jpg,21
pineapple/pineapple731.jpg,21
pineapple/pineapple732.jpg,21
pineapple/pineapple733.jpg,21
pineapple/pineapple734.jpg,21
pineapple/pineapple735.jpg,21
pineapple/pineapple736.jpg,21
pineapple/pineapple737.jpg,21
pineapple/pineapple738.jpg,21
pineapple/pineapple739.jpg,21
pineapple/pineapple740.jpg,21
pineapple/pineapple741.jpg,21
pineapple/pineapple742.jpg,21
pineapple/pineapple743.jpg,21
pineapple/pineapple744.jpg,21
pineapple/pineapple745.jpg,21
pineapple/pineapple746.jpg,21
pineapple/pineapple747.jpg,21
pineapple/pineapple748.jpg,21
pineapple/pineapple749.jpg,21
pineapple/pineapple750.jpg,21
pineapple/pineapple751.jpg,21
pineapple/pineapple752.jpg,21
pineapple/pineapple753.jpg,21
pineapple/pineapple754.jpg,21
pineapple/pineapple755.jpg,21
pineapple/pineapple756.jpg,21
pineapple/pineapple757.jpg,21
pineapple/pineapple758.jpg,21
pineapple/pineapple759.jpg,21
pineapple/pineapple760.jpg,21
pineapple/pineapple761.jpg,21
pineapple/pineapple762.jpg,21
pineapple/pineapple763.jpg,21
pineapple/pineapple764.jpg,21
pineapple/pineapple765.jpg,21
pineapple/pineapple766.jpg,21
pineapple/pineapple767.jpg,21
pineapple/pineapple768.jpg,21
pineapple/pineapple769.jpg,21
pineapple/pineapple770.jpg,21
pineapple/pineapple771.jpg,21
pineapple/pineapple772.jpg,21
pineapple/pineapple773.jpg,21
pineapple/pineapple774.jpg,21
pineapple/pineapple775.jpg,21
pineapple/pineapple776.jpg,21
pineapple/pineapple777.jpg,21
pineapple/pineapple778.jpg,21
pineapple/pineapple779.jpg,21
pineapple/pineapple780.jpg,21
pineapple/pineapple781.jpg,21
pineapple/pineapple782.jpg,21
pineapple/pineapple783.jpg,21
pineapple/pineapple784.jpg,21
pineapple/pineapple785.jpg,21
pineapple/pineapple786.jpg,21
pineapple/pineapple787.jpg,21
pineapple/pineapple788.jpg,21
pineapple/pineapple789.jpg,21
pineapple/pineapple790.jpg,21
pineapple/pineapple791.jpg,21
pineapple/pineapple792.jpg,21
pineapple/pineapple793.jpg,21
pineapple/pineapple794.jpg,21
pineapple/pineapple795.jpg,21
pineapple/pineapple796.jpg,21
pineapple/pineapple797.jpg,21
pineapple/pineapple798.jpg,21
pineapple/pineapple799.jpg,21
pomelo/pomelo700.jpg,22
pomelo/pomelo701.jpg,22
pomelo/pomelo702.jpg,22
pomelo/pomelo703.jpg,22
pomelo/pomelo704.jpg,22
pomelo/pomelo705.jpg,22
pomelo/pomelo706.jpg,22
pomelo/pomelo707.jpg,22
pomelo/pomelo708.jpg,22
pomelo/pomelo709.jpg,22
pomelo/pomelo710.jpg,22
pomelo/pomelo711.jpg,22
pomelo/pomelo712.jpg,22
pomelo/pomelo713.jpg,22
pomelo/pomelo714.jpg,22
pomelo/pomelo715.jpg,22
pomelo/pomelo716.jpg,22
pomelo/pomelo717.jpg,22
pomelo/pomelo718.jpg,22
pomelo/pomelo719.jpg,22
pomelo/pomelo720.jpg,22
pomelo/pomelo721.jpg,22
pomelo/pomelo722.jpg,22
pomelo/pomelo723.jpg,22
pomelo/pomelo724.jpg,22
pomelo/pomelo725.jpg,22
pomelo/pomelo726.jpg,22
pomelo/pomelo727.jpg,22
pomelo/pomelo728.jpg,22
pomelo/pomelo729.jpg,22
pomelo/pomelo730.jpg,22
pomelo/pomelo731.jpg,22
pomelo/pomelo732.jpg,22
pomelo/pomelo733.jpg,22
pomelo/pomelo734.jpg,22
pomelo/pomelo735.jpg,22
pomelo/pomelo736.jpg,22
pomelo/pomelo737.jpg,22
pomelo/pomelo738.jpg,22
pomelo/pomelo739.jpg,22
pomelo/pomelo740.jpg,22
pomelo/pomelo741.jpg,22
pomelo/pomelo742.jpg,22
pomelo/pomelo743.jpg,22
pomelo/pomelo744.jpg,22
pomelo/pomelo745.jpg,22
pomelo/pomelo746.jpg,22
pomelo/pomelo747.jpg,22
pomelo/pomelo748.jpg,22
pomelo/pomelo749.jpg,22
pomelo/pomelo750.jpg,22
pomelo/pomelo751.jpg,22
pomelo/pomelo752.jpg,22
pomelo/pomelo753.jpg,22
pomelo/pomelo754.jpg,22
pomelo/pomelo755.jpg,22
pomelo/pomelo756.jpg,22
pomelo/pomelo757.jpg,22
pomelo/pomelo758.jpg,22
pomelo/pomelo759.jpg,22
pomelo/pomelo760.jpg,22
pomelo/pomelo761.jpg,22
pomelo/pomelo762.jpg,22
pomelo/pomelo763.jpg,22
pomelo/pomelo764.jpg,22
pomelo/pomelo765.jpg,22
pomelo/pomelo766.jpg,22
pomelo/pomelo767.jpg,22
pomelo/pomelo768.jpg,22
pomelo/pomelo769.jpg,22
pomelo/pomelo770.jpg,22
pomelo/pomelo771.jpg,22
pomelo/pomelo772.jpg,22
pomelo/pomelo773.jpg,22
pomelo/pomelo774.jpg,22
pomelo/pomelo775.jpg,22
pomelo/pomelo776.jpg,22
pomelo/pomelo777.jpg,22
pomelo/pomelo778.jpg,22
pomelo/pomelo779.jpg,22
pomelo/pomelo780.jpg,22
pomelo/pomelo781.jpg,22
pomelo/pomelo782.jpg,22
pomelo/pomelo783.jpg,22
pomelo/pomelo784.jpg,22
pomelo/pomelo785.jpg,22
pomelo/pomelo786.jpg,22
pomelo/pomelo787.jpg,22
pomelo/pomelo788.jpg,22
pomelo/pomelo789.jpg,22
pomelo/pomelo790.jpg,22
pomelo/pomelo791.jpg,22
pomelo/pomelo792.jpg,22
pomelo/pomelo793.jpg,22
pomelo/pomelo794.jpg,22
pomelo/pomelo795.jpg,22
pomelo/pomelo796.jpg,22
pomelo/pomelo797.jpg,22
pomelo/pomelo798.jpg,22
pomelo/pomelo799.jpg,22
shallot/shallot700.jpg,23
shallot/shallot701.jpg,23
shallot/shallot702.jpg,23
shallot/shallot703.jpg,23
shallot/shallot704.jpg,23
shallot/shallot705.jpg,23
shallot/shallot706.jpg,23
shallot/shallot707.jpg,23
shallot/shallot708.jpg,23
shallot/shallot709.jpg,23
shallot/shallot710.jpg,23
shallot/shallot711.jpg,23
shallot/shallot712.jpg,23
shallot/shallot713.jpg,23
shallot/shallot714.jpg,23
shallot/shallot715.jpg,23
shallot/shallot716.jpg,23
shallot/shallot717.jpg,23
shallot/shallot718.jpg,23
shallot/shallot719.jpg,23
shallot/shallot720.jpg,23
shallot/shallot721.jpg,23
shallot/shallot722.jpg,23
shallot/shallot723.jpg,23
shallot/shallot724.jpg,23
shallot/shallot725.jpg,23
shallot/shallot726.jpg,23
shallot/shallot727.jpg,23
shallot/shallot728.jpg,23
shallot/shallot729.jpg,23
shallot/shallot730.jpg,23
shallot/shallot731.jpg,23
shallot/shallot732.jpg,23
shallot/shallot733.jpg,23
shallot/shallot734.jpg,23
shallot/shallot735.jpg,23
shallot/shallot736.jpg,23
shallot/shallot737.jpg,23
shallot/shallot738.jpg,23
shallot/shallot739.jpg,23
shallot/shallot740.jpg,23
shallot/shallot741.jpg,23
shallot/shallot742.jpg,23
shallot/shallot743.jpg,23
shallot/shallot744.jpg,23
shallot/shallot745.jpg,23
shallot/shallot746.jpg,23
shallot/shallot747.jpg,23
shallot/shallot748.jpg,23
shallot/shallot749.jpg,23
shallot/shallot750.jpg,23
shallot/shallot751.jpg,23
shallot/shallot752.jpg,23
shallot/shallot753.jpg,23
shallot/shallot754.jpg,23
shallot/shallot755.jpg,23
shallot/shallot756.jpg,23
shallot/shallot757.jpg,23
shallot/shallot758.jpg,23
shallot/shallot759.jpg,23
shallot/shallot760.jpg,23
shallot/shallot761.jpg,23
shallot/shallot762.jpg,23
shallot/shallot763.jpg,23
shallot/shallot764.jpg,23
shallot/shallot765.jpg,23
shallot/shallot766.jpg,23
shallot/shallot767.jpg,23
shallot/shallot768.jpg,23
shallot/shallot769.jpg,23
shallot/shallot770.jpg,23
shallot/shallot771.jpg,23
shallot/shallot772.jpg,23
shallot/shallot773.jpg,23
shallot/shallot774.jpg,23
shallot/shallot775.jpg,23
shallot/shallot776.jpg,23
shallot/shallot777.jpg,23
shallot/shallot778.jpg,23
shallot/shallot779.jpg,23
shallot/shallot780.jpg,23
shallot/shallot781.jpg,23
shallot/shallot782.jpg,23
shallot/shallot783.jpg,23
shallot/shallot784.jpg,23
shallot/shallot785.jpg,23
shallot/shallot786.jpg,23
shallot/shallot787.jpg,23
shallot/shallot788.jpg,23
shallot/shallot789.jpg,23
shallot/shallot790.jpg,23
shallot/shallot791.jpg,23
shallot/shallot792.jpg,23
shallot/shallot793.jpg,23
shallot/shallot794.jpg,23
shallot/shallot795.jpg,23
shallot/shallot796.jpg,23
shallot/shallot797.jpg,23
shallot/shallot798.jpg,23
shallot/shallot799.jpg,23
soybeans/soybeans700.jpg,24
soybeans/soybeans701.jpg,24
soybeans/soybeans702.jpg,24
soybeans/soybeans703.jpg,24
soybeans/soybeans704.jpg,24
soybeans/soybeans705.jpg,24
soybeans/soybeans706.jpg,24
soybeans/soybeans707.jpg,24
soybeans/soybeans708.jpg,24
soybeans/soybeans709.jpg,24
soybeans/soybeans710.jpg,24
soybeans/soybeans711.jpg,24
soybeans/soybeans712.jpg,24
soybeans/soybeans713.jpg,24
soybeans/soybeans714.jpg,24
soybeans/soybeans715.jpg,24
soybeans/soybeans716.jpg,24
soybeans/soybeans717.jpg,24
soybeans/soybeans718.jpg,24
soybeans/soybeans719.jpg,24
soybeans/soybeans720.jpg,24
soybeans/soybeans721.jpg,24
soybeans/soybeans722.jpg,24
soybeans/soybeans723.jpg,24
soybeans/soybeans724.jpg,24
soybeans/soybeans725.jpg,24
soybeans/soybeans726.jpg,24
soybeans/soybeans727.jpg,24
soybeans/soybeans728.jpg,24
soybeans/soybeans729.jpg,24
soybeans/soybeans730.jpg,24
soybeans/soybeans731.jpg,24
soybeans/soybeans732.jpg,24
soybeans/soybeans733.jpg,24
soybeans/soybeans734.jpg,24
soybeans/soybeans735.jpg,24
soybeans/soybeans736.jpg,24
soybeans/soybeans737.jpg,24
soybeans/soybeans738.jpg,24
soybeans/soybeans739.jpg,24
soybeans/soybeans740.jpg,24
soybeans/soybeans741.jpg,24
soybeans/soybeans742.jpg,24
soybeans/soybeans743.jpg,24
soybeans/soybeans744.jpg,24
soybeans/soybeans745.jpg,24
soybeans/soybeans746.jpg,24
soybeans/soybeans747.jpg,24
soybeans/soybeans748.jpg,24
soybeans/soybeans749.jpg,24
soybeans/soybeans750.jpg,24
soybeans/soybeans751.jpg,24
soybeans/soybeans752.jpg,24
soybeans/soybeans753.jpg,24
soybeans/soybeans754.jpg,24
soybeans/soybeans755.jpg,24
soybeans/soybeans756.jpg,24
soybeans/soybeans757.jpg,24
soybeans/soybeans758.jpg,24
soybeans/soybeans759.jpg,24
soybeans/soybeans760.jpg,24
soybeans/soybeans761.jpg,24
soybeans/soybeans762.jpg,24
soybeans/soybeans763.jpg,24
soybeans/soybeans764.jpg,24
soybeans/soybeans765.jpg,24
soybeans/soybeans766.jpg,24
soybeans/soybeans767.jpg,24
soybeans/soybeans768.jpg,24
soybeans/soybeans769.jpg,24
soybeans/soybeans770.jpg,24
soybeans/soybeans771.jpg,24
soybeans/soybeans772.jpg,24
soybeans/soybeans773.jpg,24
soybeans/soybeans774.jpg,24
soybeans/soybeans775.jpg,24
soybeans/soybeans776.jpg,24
soybeans/soybeans777.jpg,24
soybeans/soybeans778.jpg,24
soybeans/soybeans779.jpg,24
soybeans/soybeans780.jpg,24
soybeans/soybeans781.jpg,24
soybeans/soybeans782.jpg,24
soybeans/soybeans783.jpg,24
soybeans/soybeans784.jpg,24
soybeans/soybeans785.jpg,24
soybeans/soybeans786.jpg,24
soybeans/soybeans787.jpg,24
soybeans/soybeans788.jpg,24
soybeans/soybeans789.jpg,24
soybeans/soybeans790.jpg,24
soybeans/soybeans791.jpg,24
soybeans/soybeans792.jpg,24
soybeans/soybeans793.jpg,24
soybeans/soybeans794.jpg,24
soybeans/soybeans795.jpg,24
soybeans/soybeans796.jpg,24
soybeans/soybeans797.jpg,24
soybeans/soybeans798.jpg,24
soybeans/soybeans799.jpg,24
spinach/spinach700.jpg,25
spinach/spinach701.jpg,25
spinach/spinach702.jpg,25
spinach/spinach703.jpg,25
spinach/spinach704.jpg,25
spinach/spinach705.jpg,25
spinach/spinach706.jpg,25
spinach/spinach707.jpg,25
spinach/spinach708.jpg,25
spinach/spinach709.jpg,25
spinach/spinach710.jpg,25
spinach/spinach711.jpg,25
spinach/spinach712.jpg,25
spinach/spinach713.jpg,25
spinach/spinach714.jpg,25
spinach/spinach715.jpg,25
spinach/spinach716.jpg,25
spinach/spinach717.jpg,25
spinach/spinach718.jpg,25
spinach/spinach719.jpg,25
spinach/spinach720.jpg,25
spinach/spinach721.jpg,25
spinach/spinach722.jpg,25
spinach/spinach723.jpg,25
spinach/spinach724.jpg,25
spinach/spinach725.jpg,25
spinach/spinach726.jpg,25
spinach/spinach727.jpg,25
spinach/spinach728.jpg,25
spinach/spinach729.jpg,25
spinach/spinach730.jpg,25
spinach/spinach731.jpg,25
spinach/spinach732.jpg,25
spinach/spinach733.jpg,25
spinach/spinach734.jpg,25
spinach/spinach735.jpg,25
spinach/spinach736.jpg,25
spinach/spinach737.jpg,25
spinach/spinach738.jpg,25
spinach/spinach739.jpg,25
spinach/spinach740.jpg,25
spinach/spinach741.jpg,25
spinach/spinach742.jpg,25
spinach/spinach743.jpg,25
spinach/spinach744.jpg,25
spinach/spinach745.jpg,25
spinach/spinach746.jpg,25
spinach/spinach747.jpg,25
spinach/spinach748.jpg,25
spinach/spinach749.jpg,25
spinach/spinach750.jpg,25
spinach/spinach751.jpg,25
spinach/spinach752.jpg,25
spinach/spinach753.jpg,25
spinach/spinach754.jpg,25
spinach/spinach755.jpg,25
spinach/spinach756.jpg,25
spinach/spinach757.jpg,25
spinach/spinach758.jpg,25
spinach/spinach759.jpg,25
spinach/spinach760.jpg,25
spinach/spinach761.jpg,25
spinach/spinach762.jpg,25
spinach/spinach763.jpg,25
spinach/spinach764.jpg,25
spinach/spinach765.jpg,25
spinach/spinach766.jpg,25
spinach/spinach767.jpg,25
spinach/spinach768.jpg,25
spinach/spinach769.jpg,25
spinach/spinach770.jpg,25
spinach/spinach771.jpg,25
spinach/spinach772.jpg,25
spinach/spinach773.jpg,25
spinach/spinach774.jpg,25
spinach/spinach775.jpg,25
spinach/spinach776.jpg,25
spinach/spinach777.jpg,25
spinach/spinach778.jpg,25
spinach/spinach779.jpg,25
spinach/spinach780.jpg,25
spinach/spinach781.jpg,25
spinach/spinach782.jpg,25
spinach/spinach783.jpg,25
spinach/spinach784.jpg,25
spinach/spinach785.jpg,25
spinach/spinach786.jpg,25
spinach/spinach787.jpg,25
spinach/spinach788.jpg,25
spinach/spinach789.jpg,25
spinach/spinach790.jpg,25
spinach/spinach791.jpg,25
spinach/spinach792.jpg,25
spinach/spinach793.jpg,25
spinach/spinach794.jpg,25
spinach/spinach795.jpg,25
spinach/spinach796.jpg,25
spinach/spinach797.jpg,25
spinach/spinach798.jpg,25
spinach/spinach799.jpg,25
sweetpotatoes/sweetpotatoes700.jpg,26
sweetpotatoes/sweetpotatoes701.jpg,26
sweetpotatoes/sweetpotatoes702.jpg,26
sweetpotatoes/sweetpotatoes703.jpg,26
sweetpotatoes/sweetpotatoes704.jpg,26
sweetpotatoes/sweetpotatoes705.jpg,26
sweetpotatoes/sweetpotatoes706.jpg,26
sweetpotatoes/sweetpotatoes707.jpg,26
sweetpotatoes/sweetpotatoes708.jpg,26
sweetpotatoes/sweetpotatoes709.jpg,26
sweetpotatoes/sweetpotatoes710.jpg,26
sweetpotatoes/sweetpotatoes711.jpg,26
sweetpotatoes/sweetpotatoes712.jpg,26
sweetpotatoes/sweetpotatoes713.jpg,26
sweetpotatoes/sweetpotatoes714.jpg,26
sweetpotatoes/sweetpotatoes715.jpg,26
sweetpotatoes/sweetpotatoes716.jpg,26
sweetpotatoes/sweetpotatoes717.jpg,26
sweetpotatoes/sweetpotatoes718.jpg,26
sweetpotatoes/sweetpotatoes719.jpg,26
sweetpotatoes/sweetpotatoes720.jpg,26
sweetpotatoes/sweetpotatoes721.jpg,26
sweetpotatoes/sweetpotatoes722.jpg,26
sweetpotatoes/sweetpotatoes723.jpg,26
sweetpotatoes/sweetpotatoes724.jpg,26
sweetpotatoes/sweetpotatoes725.jpg,26
sweetpotatoes/sweetpotatoes726.jpg,26
sweetpotatoes/sweetpotatoes727.jpg,26
sweetpotatoes/sweetpotatoes728.jpg,26
sweetpotatoes/sweetpotatoes729.jpg,26
sweetpotatoes/sweetpotatoes730.jpg,26
sweetpotatoes/sweetpotatoes731.jpg,26
sweetpotatoes/sweetpotatoes732.jpg,26
sweetpotatoes/sweetpotatoes733.jpg,26
sweetpotatoes/sweetpotatoes734.jpg,26
sweetpotatoes/sweetpotatoes735.jpg,26
sweetpotatoes/sweetpotatoes736.jpg,26
sweetpotatoes/sweetpotatoes737.jpg,26
sweetpotatoes/sweetpotatoes738.jpg,26
sweetpotatoes/sweetpotatoes739.jpg,26
sweetpotatoes/sweetpotatoes740.jpg,26
sweetpotatoes/sweetpotatoes741.jpg,26
sweetpotatoes/sweetpotatoes742.jpg,26
sweetpotatoes/sweetpotatoes743.jpg,26
sweetpotatoes/sweetpotatoes744.jpg,26
sweetpotatoes/sweetpotatoes745.jpg,26
sweetpotatoes/sweetpotatoes746.jpg,26
sweetpotatoes/sweetpotatoes747.jpg,26
sweetpotatoes/sweetpotatoes748.jpg,26
sweetpotatoes/sweetpotatoes749.jpg,26
sweetpotatoes/sweetpotatoes750.jpg,26
sweetpotatoes/sweetpotatoes751.jpg,26
sweetpotatoes/sweetpotatoes752.jpg,26
sweetpotatoes/sweetpotatoes753.jpg,26
sweetpotatoes/sweetpotatoes754.jpg,26
sweetpotatoes/sweetpotatoes755.jpg,26
sweetpotatoes/sweetpotatoes756.jpg,26
sweetpotatoes/sweetpotatoes757.jpg,26
sweetpotatoes/sweetpotatoes758.jpg,26
sweetpotatoes/sweetpotatoes759.jpg,26
sweetpotatoes/sweetpotatoes760.jpg,26
sweetpotatoes/sweetpotatoes761.jpg,26
sweetpotatoes/sweetpotatoes762.jpg,26
sweetpotatoes/sweetpotatoes763.jpg,26
sweetpotatoes/sweetpotatoes764.jpg,26
sweetpotatoes/sweetpotatoes765.jpg,26
sweetpotatoes/sweetpotatoes766.jpg,26
sweetpotatoes/sweetpotatoes767.jpg,26
sweetpotatoes/sweetpotatoes768.jpg,26
sweetpotatoes/sweetpotatoes769.jpg,26
sweetpotatoes/sweetpotatoes770.jpg,26
sweetpotatoes/sweetpotatoes771.jpg,26
sweetpotatoes/sweetpotatoes772.jpg,26
sweetpotatoes/sweetpotatoes773.jpg,26
sweetpotatoes/sweetpotatoes774.jpg,26
sweetpotatoes/sweetpotatoes775.jpg,26
sweetpotatoes/sweetpotatoes776.jpg,26
sweetpotatoes/sweetpotatoes777.jpg,26
sweetpotatoes/sweetpotatoes778.jpg,26
sweetpotatoes/sweetpotatoes779.jpg,26
sweetpotatoes/sweetpotatoes780.jpg,26
sweetpotatoes/sweetpotatoes781.jpg,26
sweetpotatoes/sweetpotatoes782.jpg,26
sweetpotatoes/sweetpotatoes783.jpg,26
sweetpotatoes/sweetpotatoes784.jpg,26
sweetpotatoes/sweetpotatoes785.jpg,26
sweetpotatoes/sweetpotatoes786.jpg,26
sweetpotatoes/sweetpotatoes787.jpg,26
sweetpotatoes/sweetpotatoes788.jpg,26
sweetpotatoes/sweetpotatoes789.jpg,26
sweetpotatoes/sweetpotatoes790.jpg,26
sweetpotatoes/sweetpotatoes791.jpg,26
sweetpotatoes/sweetpotatoes792.jpg,26
sweetpotatoes/sweetpotatoes793.jpg,26
sweetpotatoes/sweetpotatoes794.jpg,26
sweetpotatoes/sweetpotatoes795.jpg,26
sweetpotatoes/sweetpotatoes796.jpg,26
sweetpotatoes/sweetpotatoes797.jpg,26
sweetpotatoes/sweetpotatoes798.jpg,26
sweetpotatoes/sweetpotatoes799.jpg,26
tobacco/tobacco700.jpg,27
tobacco/tobacco701.jpg,27
tobacco/tobacco702.jpg,27
tobacco/tobacco703.jpg,27
tobacco/tobacco704.jpg,27
tobacco/tobacco705.jpg,27
tobacco/tobacco706.jpg,27
tobacco/tobacco707.jpg,27
tobacco/tobacco708.jpg,27
tobacco/tobacco709.jpg,27
tobacco/tobacco710.jpg,27
tobacco/tobacco711.jpg,27
tobacco/tobacco712.jpg,27
tobacco/tobacco713.jpg,27
tobacco/tobacco714.jpg,27
tobacco/tobacco715.jpg,27
tobacco/tobacco716.jpg,27
tobacco/tobacco717.jpg,27
tobacco/tobacco718.jpg,27
tobacco/tobacco719.jpg,27
tobacco/tobacco720.jpg,27
tobacco/tobacco721.jpg,27
tobacco/tobacco722.jpg,27
tobacco/tobacco723.jpg,27
tobacco/tobacco724.jpg,27
tobacco/tobacco725.jpg,27
tobacco/tobacco726.jpg,27
tobacco/tobacco727.jpg,27
tobacco/tobacco728.jpg,27
tobacco/tobacco729.jpg,27
tobacco/tobacco730.jpg,27
tobacco/tobacco731.jpg,27
tobacco/tobacco732.jpg,27
tobacco/tobacco733.jpg,27
tobacco/tobacco734.jpg,27
tobacco/tobacco735.jpg,27
tobacco/tobacco736.jpg,27
tobacco/tobacco737.jpg,27
tobacco/tobacco738.jpg,27
tobacco/tobacco739.jpg,27
tobacco/tobacco740.jpg,27
tobacco/tobacco741.jpg,27
tobacco/tobacco742.jpg,27
tobacco/tobacco743.jpg,27
tobacco/tobacco744.jpg,27
tobacco/tobacco745.jpg,27
tobacco/tobacco746.jpg,27
tobacco/tobacco747.jpg,27
tobacco/tobacco748.jpg,27
tobacco/tobacco749.jpg,27
tobacco/tobacco750.jpg,27
tobacco/tobacco751.jpg,27
tobacco/tobacco752.jpg,27
tobacco/tobacco753.jpg,27
tobacco/tobacco754.jpg,27
tobacco/tobacco755.jpg,27
tobacco/tobacco756.jpg,27
tobacco/tobacco757.jpg,27
tobacco/tobacco758.jpg,27
tobacco/tobacco759.jpg,27
tobacco/tobacco760.jpg,27
tobacco/tobacco761.jpg,27
tobacco/tobacco762.jpg,27
tobacco/tobacco763.jpg,27
tobacco/tobacco764.jpg,27
tobacco/tobacco765.jpg,27
tobacco/tobacco766.jpg,27
tobacco/tobacco767.jpg,27
tobacco/tobacco768.jpg,27
tobacco/tobacco769.jpg,27
tobacco/tobacco770.jpg,27
tobacco/tobacco771.jpg,27
tobacco/tobacco772.jpg,27
tobacco/tobacco773.jpg,27
tobacco/tobacco774.jpg,27
tobacco/tobacco775.jpg,27
tobacco/tobacco776.jpg,27
tobacco/tobacco777.jpg,27
tobacco/tobacco778.jpg,27
tobacco/tobacco779.jpg,27
tobacco/tobacco780.jpg,27
tobacco/tobacco781.jpg,27
tobacco/tobacco782.jpg,27
tobacco/tobacco783.jpg,27
tobacco/tobacco784.jpg,27
tobacco/tobacco785.jpg,27
tobacco/tobacco786.jpg,27
tobacco/tobacco787.jpg,27
tobacco/tobacco788.jpg,27
tobacco/tobacco789.jpg,27
tobacco/tobacco790.jpg,27
tobacco/tobacco791.jpg,27
tobacco/tobacco792.jpg,27
tobacco/tobacco793.jpg,27
tobacco/tobacco794.jpg,27
tobacco/tobacco795.jpg,27
tobacco/tobacco796.jpg,27
tobacco/tobacco797.jpg,27
tobacco/tobacco798.jpg,27
tobacco/tobacco799.jpg,27
waterapple/waterapple700.jpg,28
waterapple/waterapple701.jpg,28
waterapple/waterapple702.jpg,28
waterapple/waterapple703.jpg,28
waterapple/waterapple704.jpg,28
waterapple/waterapple705.jpg,28
waterapple/waterapple706.jpg,28
waterapple/waterapple707.jpg,28
waterapple/waterapple708.jpg,28
waterapple/waterapple709.jpg,28
waterapple/waterapple710.jpg,28
waterapple/waterapple711.jpg,28
waterapple/waterapple712.jpg,28
waterapple/waterapple713.jpg,28
waterapple/waterapple714.jpg,28
waterapple/waterapple715.jpg,28
waterapple/waterapple716.jpg,28
waterapple/waterapple717.jpg,28
waterapple/waterapple718.jpg,28
waterapple/waterapple719.jpg,28
waterapple/waterapple720.jpg,28
waterapple/waterapple721.jpg,28
waterapple/waterapple722.jpg,28
waterapple/waterapple723.jpg,28
waterapple/waterapple724.jpg,28
waterapple/waterapple725.jpg,28
waterapple/waterapple726.jpg,28
waterapple/waterapple727.jpg,28
waterapple/waterapple728.jpg,28
waterapple/waterapple729.jpg,28
waterapple/waterapple730.jpg,28
waterapple/waterapple731.jpg,28
waterapple/waterapple732.jpg,28
waterapple/waterapple733.jpg,28
waterapple/waterapple734.jpg,28
waterapple/waterapple735.jpg,28
waterapple/waterapple736.jpg,28
waterapple/waterapple737.jpg,28
waterapple/waterapple738.jpg,28
waterapple/waterapple739.jpg,28
waterapple/waterapple740.jpg,28
waterapple/waterapple741.jpg,28
waterapple/waterapple742.jpg,28
waterapple/waterapple743.jpg,28
waterapple/waterapple744.jpg,28
waterapple/waterapple745.jpg,28
waterapple/waterapple746.jpg,28
waterapple/waterapple747.jpg,28
waterapple/waterapple748.jpg,28
waterapple/waterapple749.jpg,28
waterapple/waterapple750.jpg,28
waterapple/waterapple751.jpg,28
waterapple/waterapple752.jpg,28
waterapple/waterapple753.jpg,28
waterapple/waterapple754.jpg,28
waterapple/waterapple755.jpg,28
waterapple/waterapple756.jpg,28
waterapple/waterapple757.jpg,28
waterapple/waterapple758.jpg,28
waterapple/waterapple759.jpg,28
waterapple/waterapple760.jpg,28
waterapple/waterapple761.jpg,28
waterapple/waterapple762.jpg,28
waterapple/waterapple763.jpg,28
waterapple/waterapple764.jpg,28
waterapple/waterapple765.jpg,28
waterapple/waterapple766.jpg,28
waterapple/waterapple767.jpg,28
waterapple/waterapple768.jpg,28
waterapple/waterapple769.jpg,28
waterapple/waterapple770.jpg,28
waterapple/waterapple771.jpg,28
waterapple/waterapple772.jpg,28
waterapple/waterapple773.jpg,28
waterapple/waterapple774.jpg,28
waterapple/waterapple775.jpg,28
waterapple/waterapple776.jpg,28
waterapple/waterapple777.jpg,28
waterapple/waterapple778.jpg,28
waterapple/waterapple779.jpg,28
waterapple/waterapple780.jpg,28
waterapple/waterapple781.jpg,28
waterapple/waterapple782.jpg,28
waterapple/waterapple783.jpg,28
waterapple/waterapple784.jpg,28
waterapple/waterapple785.jpg,28
waterapple/waterapple786.jpg,28
waterapple/waterapple787.jpg,28
waterapple/waterapple788.jpg,28
waterapple/waterapple789.jpg,28
waterapple/waterapple790.jpg,28
waterapple/waterapple791.jpg,28
waterapple/waterapple792.jpg,28
waterapple/waterapple793.jpg,28
waterapple/waterapple794.jpg,28
waterapple/waterapple795.jpg,28
waterapple/waterapple796.jpg,28
waterapple/waterapple797.jpg,28
waterapple/waterapple798.jpg,28
waterapple/waterapple799.jpg,28
watermelon/watermelon700.jpg,29
watermelon/watermelon701.jpg,29
watermelon/watermelon702.jpg,29
watermelon/watermelon703.jpg,29
watermelon/watermelon704.jpg,29
watermelon/watermelon705.jpg,29
watermelon/watermelon706.jpg,29
watermelon/watermelon707.jpg,29
watermelon/watermelon708.jpg,29
watermelon/watermelon709.jpg,29
watermelon/watermelon710.jpg,29
watermelon/watermelon711.jpg,29
watermelon/watermelon712.jpg,29
watermelon/watermelon713.jpg,29
watermelon/watermelon714.jpg,29
watermelon/watermelon715.jpg,29
watermelon/watermelon716.jpg,29
watermelon/watermelon717.jpg,29
watermelon/watermelon718.jpg,29
watermelon/watermelon719.jpg,29
watermelon/watermelon720.jpg,29
watermelon/watermelon721.jpg,29
watermelon/watermelon722.jpg,29
watermelon/watermelon723.jpg,29
watermelon/watermelon724.jpg,29
watermelon/watermelon725.jpg,29
watermelon/watermelon726.jpg,29
watermelon/watermelon727.jpg,29
watermelon/watermelon728.jpg,29
watermelon/watermelon729.jpg,29
watermelon/watermelon730.jpg,29
watermelon/watermelon731.jpg,29
watermelon/watermelon732.jpg,29
watermelon/watermelon733.jpg,29
watermelon/watermelon734.jpg,29
watermelon/watermelon735.jpg,29
watermelon/watermelon736.jpg,29
watermelon/watermelon737.jpg,29
watermelon/watermelon738.jpg,29
watermelon/watermelon739.jpg,29
watermelon/watermelon740.jpg,29
watermelon/watermelon741.jpg,29
watermelon/watermelon742.jpg,29
watermelon/watermelon743.jpg,29
watermelon/watermelon744.jpg,29
watermelon/watermelon745.jpg,29
watermelon/watermelon746.jpg,29
watermelon/watermelon747.jpg,29
watermelon/watermelon748.jpg,29
watermelon/watermelon749.jpg,29
watermelon/watermelon750.jpg,29
watermelon/watermelon751.jpg,29
watermelon/watermelon752.jpg,29
watermelon/watermelon753.jpg,29
watermelon/watermelon754.jpg,29
watermelon/watermelon755.jpg,29
watermelon/watermelon756.jpg,29
watermelon/watermelon757.jpg,29
watermelon/watermelon758.jpg,29
watermelon/watermelon759.jpg,29
watermelon/watermelon760.jpg,29
watermelon/watermelon761.jpg,29
watermelon/watermelon762.jpg,29
watermelon/watermelon763.jpg,29
watermelon/watermelon764.jpg,29
watermelon/watermelon765.jpg,29
watermelon/watermelon766.jpg,29
watermelon/watermelon767.jpg,29
watermelon/watermelon768.jpg,29
watermelon/watermelon769.jpg,29
watermelon/watermelon770.jpg,29
watermelon/watermelon771.jpg,29
watermelon/watermelon772.jpg,29
watermelon/watermelon773.jpg,29
watermelon/watermelon774.jpg,29
watermelon/watermelon775.jpg,29
watermelon/watermelon776.jpg,29
watermelon/watermelon777.jpg,29
watermelon/watermelon778.jpg,29
watermelon/watermelon779.jpg,29
watermelon/watermelon780.jpg,29
watermelon/watermelon781.jpg,29
watermelon/watermelon782.jpg,29
watermelon/watermelon783.jpg,29
watermelon/watermelon784.jpg,29
watermelon/watermelon785.jpg,29
watermelon/watermelon786.jpg,29
watermelon/watermelon787.jpg,29
watermelon/watermelon788.jpg,29
watermelon/watermelon789.jpg,29
watermelon/watermelon790.jpg,29
watermelon/watermelon791.jpg,29
watermelon/watermelon792.jpg,29
watermelon/watermelon793.jpg,29
watermelon/watermelon794.jpg,29
watermelon/watermelon795.jpg,29
watermelon/watermelon796.jpg,29
watermelon/watermelon797.jpg,29
watermelon/watermelon798.jpg,29
watermelon/watermelon799.jpg,29
